text;tag
–ù—Ä–∞–≤—è—Ç—Å—è –ª–µ—Ç–Ω–∏–µ –º–µ—Ä–æ–ø—Ä–∏—è—Ç–∏—è –≤ –ø–∞—Ä–∫–µ, –∫–∏–Ω–æ!!! –∏ —Å–ø–æ—Ä—Ç–∏–≤–Ω—ã–µ –∑–∞–Ω—è—Ç–∏—è. –ó–∞–º–µ—á–∞—Ç–µ–ª—å–Ω–∞—è –ø–ª–æ—â–∞–¥–∫–∞ –Ω–∞ –ë—É—Ö–∞—Ä–µ—Å—Ç—Å–∫–æ–π 86. –ù–∞—Å—Ç–æ–ª—å–Ω—ã–µ –∏–≥—Ä—ã –∏ —Ä–µ–±—è—Ç–∞ –∏–∑ –º–æ–ª–æ–¥–µ–∂–Ω–æ–≥–æ —Å–æ–≤–µ—Ç–∞! –£–∂–∞—Å–Ω–æ —Ä–∞–∑–æ—á–∞—Ä–æ–≤–∞–ª–∞ –Ω–µ—Ö–≤–∞—Ç–∫–∞ –∏ –¥–∏–∫–∏–π –∞–∂–∏–æ—Ç–∞–∂ —Å –±–∏–ª–µ—Ç–∞–º–∏ –Ω–∞ —Å–ø—è—â—É—é –∫—Ä–∞—Å–∞–≤–∏—Ü—É. –ü–æ–∂–∞–ª—É–π, —ç—Ç–æ –µ–¥–∏–Ω—Å—Ç–≤–µ–Ω–Ω—ã–π —Ä–∞–∑ –∑–∞ –≤—Ä–µ–º—è —Ä–∞–±–æ—Ç—ã –º–æ –≤ –Ω–æ–≤–æ–º —Å–æ—Å—Ç–∞–≤–µ, –∫–æ–≥–¥–∞ –∫–æ–ª–∏—á–µ—Å—Ç–≤–æ –Ω–µ–¥–æ–≤–æ–ª—å–Ω—ã—Ö –ø—Ä–µ–≤—ã—Å–∏–ª–æ –¥–æ–≤–æ–ª—å–Ω—ã—Ö.;0
–û–π,—Å –õ—É–Ω–æ–π –í–ª–∞–¥–∏—Å–ª–∞–≤–∞ –í–∞—Å–∏–ª—å–µ–≤–∞!!!üëçüëçüëçüëçüëçüëçüëçüëçüëçüëç;0
–ü–æ–∑–æ—Äüôàüôàüôà–∏ —ç—Ç–æ –≤—ã —Å—á–∏—Ç–∞–µ—Ç–µ –Ω–æ—Ä–º–∞–ª—å–Ω–∞—è –¥–µ—Ç—Å–∫–∞—è –ø–ª–æ—â–∞–¥–∫–∞ üòè –ü–æ—á–µ–º—É –Ω–∞ –¥—Ä—É–≥–æ–π —Å—Ç–æ—Ä–æ–Ω–µ –ü—Ä–∞–∂—Å–∫–æ–π –≤–æ –¥–≤–æ—Ä–∞—Ö –µ—Å—Ç—å –•–æ—Ä–æ—à–æ –æ–±–æ—Ä—É–¥–æ–≤–∞–Ω–Ω—ã–µ –ø–ª–æ—â–∞–¥–∫–∏ –µ—â—ë –∏ –ø–æ–∫—Ä—ã—Ç–∏–µ —Å–¥–µ–ª–∞–Ω—ã.–ê —ç—Ç–æ  –æ–¥–∏–Ω –∫–æ—à–º–∞—Ä –∏ –ø–æ–∑–æ—Ä.;1
–•–æ—Ç–µ–ª–æ—Å—å –±—ã –ø–ª–æ—â–∞–¥–∫—É –Ω–∞ –°–æ—Ñ–∏–π—Å–∫–æ–π. –ê —Ç–æ —Å–Ω–µ—Å–ª–∏ –∏ –Ω–∏—á–µ–≥–æ –≤ –∑–∞–º–µ–Ω!!;1
–ó–∞–º–µ—Ç–∏–ª–∏, —Ç–∞–∫ –∏ –ø–æ–¥—É–º–∞–ª–∞, —á—Ç–æ –∏–¥–µ–Ω—Ç–∏—á–Ω—É—é –ø–æ—Å—Ç–∞–≤–∏–ª–∏ —á—Ç–æ–±—ã –±—ã–ª–∞ –∫–∞–∫ —Å—Ç–∞—Ä–∞—è. –≠—Ç–æ –ª—É—á—à–µ —á–µ–º –Ω–∏—á–µ–≥–æ. –ï—â—ë –±—ã –¥–æ—Ä–æ–∂–∫–∏ —Ç–∞–º –æ—Ç—Å—ã–ø–∞–ª–∏, —Ö–æ—Ç—è –±—ã –≤–æ–∫—Ä—É–≥ –ø–ª–æ—â–∞–¥–∫–∏. –û—Ç –ø–ª–æ—â–∞–¥–∫–∏ –Ω–∞ –°–æ—Ñ–∏–π—Å–∫–æ–π 40 –Ω–∞—à–µ–º—É –∫–≤–∞—Ä—Ç–∞–ª—É –Ω–∏ —Ö–æ–ª–æ–¥–Ω–æ –Ω–∏ –∂–∞—Ä–∫–æ, –≤ —ç—Ç–æ–º –∫–≤–∞—Ä—Ç–∞–ª–µ –ø–ª–æ—â–∞–¥–æ–∫ –∏ —Ç–∞–∫ –±–æ–ª—å—à–µ –≤—Å–µ–≥–æ.;0
–ê –º–æ–∂–Ω–æ —É–∑–Ω–∞—Ç—å, –∞ –¥–ª—è —à–∫–æ–ª—å–Ω–∏–∫–æ–≤ –±—É–¥–µ—Ç –æ–±–æ—Ä—É–¥–æ–≤–∞–Ω–∏–µ, –Ω–∞–ø—Ä–∏–º–µ—Ä —Ç–µ–Ω–Ω–∏—Å–Ω—ã–π —Å—Ç–æ–ª? –ê –∫–æ–Ω–∫—Ä–µ—Ç–Ω–æ –≤–æ–∑–ª–µ –¥–æ–º–∞ –ø–æ –¢—É—Ä–∫—É 22 –∫.1.;1
–í–æ –¥–≤–æ—Ä–µ —Å–æ—Ñ–∏–π—Å–∫–æ–π 31 –∫—É—á–∞ —Ç–æ–ø–æ–ª–µ–π, –∫–æ—Ç–æ—Ä—ã–µ –≤–µ—á–Ω–æ –ª–æ–º–∞—é—Ç—Å—è, –ª–µ—Ç–æ–º –∑–∞–¥—ã—Ö–∞–µ–º—Å—è –æ—Ç –ø—É—Ö–∞.;1
–ù–∞ —É–≥–ª—É –¥–æ–º–∞ –ø–æ —É–ª. –ë–µ–ª—ã –ö—É–Ω–∞ 14, —É 8–π –ø–∞—Ä–∞–¥–Ω–æ–π, –¥–µ—Ä–µ–≤—å—è —Å–ª–∏—à–∫–æ–º —Ä–∞–∑—Ä–æ—Å–ª–∏—Å—å, —Å–æ–ª–Ω—Ü–∞ –ø–æ—á—Ç–∏ –Ω–µ –≤–∏–¥–∏–º. –û—Å–µ–Ω—å—é –∏ –≤–µ—Å–Ω–æ–π –¥–∞–∂–µ –æ–∫–Ω–∞ –ø–æ—Ç–µ—é—Ç –æ—Ç —Å—ã—Ä–æ—Å—Ç–∏, —Å–æ–ª–Ω—Ü–µ –Ω–µ —Å—É—à–∏—Ç;1
–ü–æ–¥—Å–∫–∞–∂–∏—Ç–µ –ø–æ–∂–∞–ª—É–π—Å—Ç–∞. –ù–∞ –¢—É—Ä–∫—É 2-1 –ø–ª–∞–Ω–∏—Ä—É–µ—Ç—Å—è –ø—Ä–∞–∑–¥–Ω–∏—á–Ω–æ–µ –º–µ—Ä–æ–ø—Ä–∏—è—Ç–∏–µ? –°–ø–∞—Å–∏–±–æ.;0
–í–æ –¥–≤–æ—Ä–µ —Ç—É—Ä–∫—É 20 —É–±—Ä–∞–ª–∏ —Å—Ç–∞—Ä—ã–µ –∫–∞—á–µ–ª–∏ –∏ —Ç–µ–ø–µ—Ä—å –≤–æ–æ–±—â–µ –Ω–µ—Ç –¥–µ—Ç—Å–∫–æ–π –ø–ª–æ—â–∞–¥–∫–∏.–∞ —á—Ç–æ- –Ω–∏–±—É–¥—å –¥–ª—è –¥–µ—Ç–µ–π –±—É–¥–µ—Ç?–≤–æ –¥–≤–æ—Ä–µ –µ—Å—Ç—å –µ—â—ë 1 –ø–ª–æ—â–∞–¥–∫–∞, –º–∞–ª–µ–Ω—å–∫–∞—è,—Å—Ç–∞—Ä–∞—è –∏ —Å–æ–≤—Å–µ–º —É–±–æ–≥–∞—è.;1
–û—á–µ—Ä–µ–¥—å –∑–∞ –±–∏–ª–µ—Ç–∞–º–∏ –≤ –†—ã–±–∞—Ü–∫–æ–º.;0
–£ —Ç—É—Ä–∫—É 22 –∫–æ—Ä 2 —Ç–æ–∂–µ —Å–µ–≥–æ–¥–Ω—è –ø–æ—Å—Ç–∞–≤–∏–ª–∏ 2 —Å–∫–∞–º–µ–π–∫–∏;0
–î–æ–±—Ä—ã–π –¥–µ–Ω—å! –° –∞–¥—Ä–µ—Å–æ–º –Ω–µ –º–æ–≥—É —Ä–∞–∑–æ–±—Ä–∞—Ç—å—Å—è, –£–ª –ë–µ–ª—ã –ö—É–Ω–∞ 1 —ç—Ç–æ –∫ –≤–∞–º –∏–ª–∏ –Ω–µ—Ç?;0
–£ –ë–µ–ª—ã –ö—É–Ω–∞ 15/2 —Ç–æ–∂–µ —Å–ø–∏–ª–∏–≤–∞—é—Ç. –°–ø–∞—Å–∏–±–æ –±–æ–ª—å—à–æ–µ, —ç—Ç–æ –¥–µ—Ä–µ–≤–æ –¥–∞–≤–Ω–æ –Ω–∞–º –º–µ—à–∞–ª–æ.;0
–ú–æ–∂–Ω–æ –ø–æ–ª—É—á–∏—Ç—å –ø–æ —Ñ–æ—Ç–æ –ø–∞—Å–ø–æ—Ä—Ç–∞ –º—É–∂–∞, –¢—É—Ä–∫—É 31 –ø–æ–¥—Ö–æ–¥–∏—Ç?;0
–°–∫–∞–∂–∏—Ç–µ –ø–æ–∂–∞–ª—É–π—Å—Ç–∞,–∞ –µ—Å–ª–∏ –µ—Å—Ç—å —É –º–µ–Ω—è —Å–æ–±—Å—Ç–≤–µ–Ω–Ω–æ—Å—Ç—å –Ω–∞ –∫–≤–∞—Ä—Ç–∏—Ä—É –ø—Ä–æ—Å–ø–µ–∫—Ç –°–ª–∞–≤—ã 51 , –º—ã —Ç–∞–º –Ω–µ –ø—Ä–æ–ø–∏—Å–∞–Ω—ã,–Ω–æ –ø—Ä–æ–∂–∏–≤–∞–µ–º,—Å–º–æ–∂–µ–º –ª–∏ –ø–æ–ª—É—á–∏—Ç—å –±–∏–ª–µ—Ç—ã –Ω–∞ –ª–µ–¥–æ–≤–æ–µ —à–æ—É?–ï—Å–ª–∏ –¥–∞,—Ç–æ –∫–∞–∫–∏–µ –¥–æ–∫—É–º–µ–Ω—Ç—ã –Ω—É–∂–Ω–æ –ø—Ä–∏–Ω–µ—Å—Ç–∏?;0
–¢—É—Ä–∫—É 7 –ø–æ–ª—É—á–∞–µ—Ç—Å—è –∫ –≤–∞–º –Ω–µ –æ—Ç–Ω–æ—Å—è—Ç—Å—è? üò≠;0
–ò –æ—Ç–Ω–æ—Å–∏—Ç—Å—è –ª–∏ —É–ª. –î–∏–º–∏—Ç—Ä–æ–≤–∞ 17 –∫ –≤–∞–º?;0
–ù–∏–∫–æ–≥–¥–∞ –ø–æ—á–µ–º—É —Ç–æ –Ω–µ —á–∏—Å—Ç—è—Ç –¥–æ—Ä–æ–∂–∫—É –æ—Ç –ü—Ä–∞–∂—Å–∫–æ–π 39 –≤ —Å—Ç–æ—Ä–æ–Ω—É —É–≥–ª–∞ —Å –ø—Ä–æ—Å–ø–µ–∫—Ç–æ–º —Å–ª–∞–≤—ã, –ª—é–¥–∏ –∏–¥—É—Ç –ø–æ –≥—É—Å–∏–Ω–æ–π —Ç—Ä–æ–ø–µ;1
–ü–æ–¥—Å–∫–∞–∂–∏—Ç–µ –ø–æ–∂–∞–ª—É–π—Å—Ç–∞, –ø—Ä–æ–ø–∏—Å–∫–∞ –Ω–∞ –°–æ—Ñ–∏–π—Å–∫–æ–π 43 –∫ 4, –º—ã –∫ —ç—Ç–æ–º—É –æ–∫—Ä—É–≥—É –æ—Ç–Ω–æ—Å–∏–º—Å—è?;0
–ö–æ–≥–¥–∞ –±—É–¥–µ—Ç –ø–ª–æ—â–∞–¥–∫–∞ –ø–æ –∞–¥—Ä–µ—Å—É —Å–æ—Ñ–∏–π—Å–∫–∞—è 55? –£ –Ω–∞—Å –≤–æ–æ–±—â–µ –Ω–µ—Ç –Ω–∏ –æ–¥–Ω–æ–π –ø–ª–æ—â–∞–¥–∫–µ , –∫—É–¥–∞ –º–æ–∂–Ω–æ –Ω–∞–ø–∏—Å–∞—Ç—å ?;1
–£ –¥–æ–º–∞ –ø–æ –î–∏–º–∏—Ç—Ä–æ–≤–∞ 15 –±—ã–ª–∞ –∑–∞–º–µ—á–∞—Ç–µ–ª—å–Ω–∞—è –ø–ª–æ—â–∞–¥–∫–∞ -–ö–æ–Ω—ë–∫ –ì–æ—Ä–±—É–Ω–æ–∫(–æ—Ñ–æ—Ä–º–ª–µ–Ω–∏–µ) .–ü–æ—Ç–æ–º –µ—ë –¥–µ–º–æ–Ω—Ç–∏—Ä–æ–≤–∞–ª–∏  –Ω–µ—Å–∫–æ–ª—å–∫–æ –ª–µ—Ç –Ω–∞–∑–∞–¥.–û—Ç –ª—é–±–∏–º–æ–π –ø–ª–æ—â–∞–¥–∫–∏ –æ—Å—Ç–∞–ª—Å—è —Ç–æ–ª—å–∫–æ –∑–∞–±–æ—Ä .   –ë–ª–∏–∂–∞–π—à–∞—è –∫ —É—à–µ–¥—à–µ–π –ø–ª–æ—â–∞–¥–∫–µ –ö–æ—Ä–∞–±–ª–∏–∫( –≤–∏–¥–∞–≤—à–∏–π –≤–∏–¥—ã) –ó–∞–≥—Ä–µ–±—Å–∫–∏–π –Ω–∞—á–∞–ª–æ ,–Ω–∞ –ø–æ–ª–æ–≤–∏–Ω—É –±–æ–ª–æ—Ç–æ-–ª—É–∂–∞.–ó–∏–º–æ–π —Ö–æ—Ä–æ—à–æ –Ω–∞ –ª—å–¥—É –≥–æ–Ω—è—é—Ç ,–∞ –æ—Å—Ç–∞–ª—å–Ω–æ–π –≥–æ–¥ —Å—Ç—Ä–∞–¥–∞—é—Ç( —Å –Ω–∞—à–µ–π-—Ç–æ –ø–æ–≥–æ–¥–æ–π).   –ù–∞–¥–µ—é—Å—å –±—É–¥–µ—Ç –≤–µ—Å—Ç–∏—Å—å  –∑–∞–ø–∏—Å—å –æ–±—Å—É–∂–¥–µ–Ω–∏—è –¥–ª—è –±–æ–ª—å—à–µ–≥–æ –æ—Ö–≤–∞—Ç–∞ —Ç–µ–º—ã .–ù–µ –≤—Å–µ –∑–∞–∏–Ω—Ç–µ—Ä–µ—Å–æ–≤–∞–Ω–Ω—ã–µ —Å–º–æ–≥—É—Ç –±—ã—Ç—å –æ—á–Ω–æ –∏ –æ–Ω–ª–∞–π–Ω —Å–≤–æ–±–æ–¥–Ω—ã ,–∞ –∑–∞–∏–Ω—Ç–µ—Ä–µ—Å–æ–≤–∞–Ω–Ω—ã—Ö –º–Ω–æ–≥–æ .;0
–í—Ä–æ–¥–µ –æ—à–∏–±–æ—á–∫–∞:) –ë—É—Ö–∞—Ä–µ—Å—Ç—Å–∫–∞—è 88;0
–ó–¥—Ä–∞–≤—Å—Ç–≤—É–π—Ç–µ! –°–¥–µ–ª–∞–π—Ç–µ –ø–æ–∂–∞–ª—É–π—Å—Ç–∞ —Å–æ–≤—Ä–µ–º–µ–Ω–Ω—É—é –¥–µ—Ç—Å–∫—É—é –ø–ª–æ—â–∞–¥–∫—É –∑–∞ 5 –æ—Ç–¥–µ–ª–æ–º –ø–æ–ª–∏—Ü–∏–∏ –Ω–∞ –ë—É–¥–∞–ø–µ—à—Ç—Å–∫–æ–π —É–ª–∏—Ü–µ, —Ç–∞–º –≤–æ–æ–±—â–µ –±–µ–¥–∞.. –†—è–¥–æ–º –¥–µ—Ç—Å–∫–∏–π —Å–∞–¥, –∏ —Ç–∞–º –ø—Ä–æ—Å—Ç–æ –ø—Ä–µ–∫—Ä–∞—Å–Ω–æ–µ –º–µ—Å—Ç–æ –¥–ª—è –¥–µ—Ç–æ–∫ —Å–ø–æ–∫–æ–π–Ω–æ–µ, –±—É–¥–µ—Ç –ø–æ–ª—å–∑–æ–≤–∞—Ç—å—Å—è –ø–æ–ø—É–ª—è—Ä–Ω–æ—Å—Ç—å—é 200%;1
–û—á–µ–Ω—å –∂–¥–µ–º –ø–ª–æ—â–∞–¥–∫—É –Ω–∞ –ø—Ä. –°–ª–∞–≤—ã –¥.38–∫1;1
"–ê –Ω–∞ –¢—É—Ä–∫—É (–Ω–∞ –±—É–ª—å–≤–∞—Ä–µ) —Ç–æ–∂–µ ""–Ω–µ—Ç —Å–∫–≤–µ—Ä–æ–≤""?";0
–í–æ–∫—Ä—É–≥ –¥–æ–º–∞ –°–æ—Ñ–∏–π—Å–∫–∞—è —É–ª–∏—Ü–∞, 37–∫4, —Ç–æ–∂–µ —Ç–æ–ø–æ–ª—è —Å—Ç–æ–∏—Ç —É–∫–æ—Ä–æ—Ç–∏—Ç—å, —É–∂–µ –æ—Å–µ–Ω—å—é –æ–¥–∏–Ω —É–ø–∞–ª –ø–æ—á—Ç–∏ –Ω–∞ –¥–æ–º. –¢–æ–ø–æ–ª—è —É–∂–µ —É –æ—Å–Ω–æ–≤–∞–Ω–∏—è —Ç—Ä—É—Ö–ª—è–≤—ã–µ –∏ –ª–æ–º–∞—é—Ç—Å—è –≤–æ–∑–ª–µ –∫–æ—Ä–Ω—è.;1
–¢—É—Ä–∫—É 12 –∫ 2 –∑–∞ –¥–æ–º–æ–º —Ç–æ–∂–µ –µ—Å—Ç—å —Ç–∞–∫–∏–µ –¥–µ—Ä–µ–≤—å—è. –°–ø–∏–ª–∏—Ç—å –±—ã.;1
–ê –Ω–∞ –¢—É—Ä–∫—É 22 –∫.4 5 –ø–∞—Ä–∞–¥–Ω–∞—è –±—É–¥—É—Ç –ø–∏–ª–∏—Ç—å? –ö–æ—Ä–∞ –≤—Å—è –æ—Å—ã–ø–∞–ª–∞—Å—å,–ª–µ–∂–∏—Ç —Å –≤–µ—Å–Ω—ã,–¥–∞–∂–µ –Ω–∏–∫—Ç–æ –Ω–µ —É–±–∏—Ä–∞–µ—Ç. –í–µ—Ç–∫–∏ —Å—É—Ö–∏–µ,–∫–æ–≥–¥–∞ –≤–µ—Ç–µ—Ä,–ª–µ—Ç—è—Ç –ø—Ä—è–º–æ –≤ —Å—Ç–µ–∫–ª–∞(((;0
–ù–∞–ø—Ä–æ—Ç–∏–≤ —Ç—Ä–µ—Ç—å–µ–π –ø–∞—Ä–∞–¥–Ω–æ–π –ø–æ –ë–µ–ª—ã –ö—É–Ω–∞ 19/2 –µ–ª–µ-–µ–ª–µ —Å—Ç–æ–∏—Ç –æ–≥—Ä–æ–º–Ω—ã–π —Ç—Ä—É—Ö–ª—è–≤—ã–π —Ç–æ–ø–æ–ª—å. –° –Ω–µ–≥–æ —É–∂–µ –Ω–µ—Å–∫–æ–ª—å–∫–æ —Ä–∞–∑ –ø–∞–¥–∞–ª–∏ –æ–≥—Ä–æ–º–Ω—ã–µ –≤–µ—Ç–∫–∏: –ø–æ–ø–æ—Ä—á–µ–Ω–æ –Ω–µ—Å–∫–æ–ª—å–∫–æ –º–∞—à–∏–Ω, –ø–æ —Å—á–∞—Å—Ç–ª–∏–≤–æ–π —Å–ª—É—á–∞–π–Ω–æ—Å—Ç–∏ –Ω–µ—Å–∫–æ–ª—å–∫–æ –ª–µ—Ç –Ω–∞–∑–∞–¥ —á—É—Ç—å –Ω–µ —É–±–∏–ª–æ —Ä–µ–±√´–Ω–∫–∞ (—É—Å–ø–µ–ª–∏ –ø–æ—Å–∞–¥–∏—Ç—å –≤ –º–∞—à–∏–Ω—É). –û—á–µ–Ω—å –Ω–∞–¥–µ–µ–º—Å—è, —á—Ç–æ –µ–≥–æ —Å–ø–∏–ª—è—Ç —Ç–æ–∂–µ.;1
–£—Å—Ç–∞–Ω–æ–≤–∏—Ç–µ —Ç–∞–∫–æ–π –Ω–∞ –±—É–ª—å–≤–∞—Ä–µ –¢—É—Ä–∫—É. –¢–æ–≥–¥–∞ –ø–∞–∫–µ—Ç—ã —Å–æ–±–∞—á–Ω–∏–∫–æ–≤ –Ω–µ –±—É–¥—É—Ç –≤–∞–ª—è—Ç—å—Å—è –ø–æ –≤—Å–µ–º—É –ø–æ–ª—é –∏ –Ω–∞ –¥–æ—Ä–æ–∂–∫–∞—Ö.;0
–ê —á—Ç–æ —Ç–≤–æ—Ä–∏—Ç—Å—è –≤–æ –¥–≤–æ—Ä–µ –°–æ—Ñ–∏–π—Å–∫–∞—è, 57 –¥–æ —É—Å—Ç–∞–Ω–æ–≤–∫–∏ —É—Ä–Ω –ø–æ –≤—Å–µ–º—É –ø–µ—Ä–∏–º–µ—Ç—Ä—É –ø–ª–æ—â–∞–¥–∫–∏ –±—ã–ª–æ —á–∏—Å—Ç–æ, –∞ —Ç–µ–ø–µ—Ä—å —É–∂–∞—Å —É–∂–∞—Å–Ω—ã–π. –ó–∞–∫—Ä—ã—Ç—ã–µ —É—Ä–Ω—ã-—ç—Ç–æ –∑–¥–æ—Ä–æ–≤–æ üëç!;1
–¢—É—Ä–∫—É;0
–ê –ø–µ—Ä–≤–æ–µ —Ñ–æ—Ç–æ-—ç—Ç–æ —Ç–æ—á–Ω–æ –ë—É—Ö–∞—Ä–µ—Å—Ç—Å–∫–∞—è –≤ –ø—Ä–µ–¥–µ–ª–∞—Ö –ú–û 72? –ß—Ç–æ-—Ç–æ –Ω–µ —É–∑–Ω–∞—é –º–µ—Å—Ç–æ...;0
"–°–ø–∞—Å–∏–±–æ –∑–∞ –¥–æ—Ä–æ–∂–∫–∏ –≤ –∑–∏–º–Ω–∏–π –º–∏–Ω—É—Å. –ê –ø–æ—á–µ–º—É –Ω–µ –ø—Ä–æ–¥—É–º–∞–Ω–∞ –≥–ª–∞–≤–Ω–∞—è (–Ω–µ–±–æ–ª—å—à–∞—è) ""–Ω–∞—Ä–æ–¥–Ω–∞—è"" –¥–æ—Ä–æ–≥–∞!!! –î–æ—Ä–æ–≥–∞ –≤–µ–¥–µ—Ç –∫ –ø–∞—Ä–∞–¥–Ω–æ–π –°–æ—Ñ–∏–π—Å–∫–∞—è 33/3. –ê –∫–∞–∫–∏–º –æ–±—Ä–∞–∑–æ–º –±—É–¥–µ—Ç ""—É–∫—Ä–∞—à–µ–Ω–∞"" –Ω–∞—Ä–æ–¥–Ω–∞—è —Ç—Ä–æ–ø–∞???";0
–ê –Ω–∞ –°–æ—Ñ–∏–π—Å–∫–æ–π 46/2 —Ç–∞–∫ –∏ –∑–∞–±—ã–ª–∏ –æ —Ç–æ–º,—á—Ç–æ —Å–Ω–µ—Å–ª–∏ –∫–æ–≥–¥–∞-—Ç–æ –¥–µ—Ç—Å–∫—É—é –ø–ª–æ—â–∞–¥–∫—É‚òπÔ∏è‚òπÔ∏è‚òπÔ∏è‚òπÔ∏è‚òπÔ∏è‚òπÔ∏è‚òπÔ∏è;0
[id540179899|–î–µ–Ω–∏—Å], –≤—ã—à–µ –¥–ª—è –Æ–ª–∏–∏ –æ—Ç –ú–û –±—ã–ª –æ—Ç–≤–µ—Ç –ø–æ –ø–æ–≤–æ–¥—É –±–ª–∞–≥–æ—É—Å—Ç—Ä–æ–π—Å—Ç–≤–∞ –¥–≤–æ—Ä–∞ –ø–æ –°–æ—Ñ–∏–π—Å–∫–æ–π –≤ —Å—Ç–æ—Ä–æ–Ω—É –¢—É—Ä–∫—É. –≠—Ç–æ –∫ —ç—Ç–æ–º—É —Å–æ–æ–±—â–µ–Ω–∏—é, –Ω–æ –µ–≥–æ –Ω–µ –ø—Ä–æ—Ü–∏—Ç–∏—Ä–æ–≤–∞—Ç—å, –ø–æ—ç—Ç–æ–º—É —Ç–∞–∫   –ø–æ–ª—É—á–∏–ª–∞—Å—å –∑–∞–ø–∏—Å—å.;0
–ù–∞ —Ç—É—Ä–∫—É 29, –¥–µ—Ç—Å–∫–∞—è –ø–ª–æ—â–∞–¥–∫–∞ –≤–æ –¥–≤–æ—Ä–µ-–≤—Ö–æ–¥–∏—Ç –≤ –í–∞—à –≥—Ä–∞—Ñ–∏–∫?;0
–û—á–µ–Ω—å –±—ã —Ö–æ—Ç–µ–ª–æ—Å—å –Ω–æ—Ä–º–∞–ª—å–Ω–æ–≥–æ –æ—Å–≤–µ—â–µ–Ω–∏—è –∫ 296—à–∫–æ–ª–µ. –î–æ—Ä–æ–∂–∫–∏ –Ω–µ –æ—Å–≤–µ—â–∞—é—Ç—Å—è –∏ –ª–µ–∂–∞—á–∏–π –ø–æ–ª–∏—Ü–µ–π—Å–∫–∏–π —Ç–∞–º –±—ã –Ω–µ –ø–æ–º–µ—à–∞–ª —Å–æ —Å—Ç–æ—Ä–æ–Ω—ã –ü—Ä–∞–∂—Å–∫–æ–π —É–ª–∏—Ü–∞.;1
–°–æ—Ñ–∏–π—Å–∫–∞—è 32 –∫–æ—Ä–ø—É—Å 4 –∫–∞–∫ —Ä–∞–∑ —ç—Ç–æ—Ç 5 —ç—Ç–∞–∂–Ω—ã–π –¥–æ–º .;0
–ù–∞ –°–æ—Ñ–∏–π—Å–∫–æ–π –µ—Å—Ç—å –¥—Ä–æ–±–Ω—ã–µ –¥–æ–º–∞?;0
–ë—É–¥–µ—Ç –ª–∏ —Å–¥–µ–ª–∞–Ω–æ –æ—Å–≤–µ—â–µ–Ω–∏–µ –Ω–∞ –¥–µ—Ç—Å–∫–æ–π –ø–ª–æ—â–∞–¥–∫–µ —Ä—è–¥–æ–º —Å –¢—É—Ä–∫—É 12/2?;1
–ñ–∞–ª—å —Ç–æ–ª—å–∫–æ —á—Ç–æ —á—É—Ç–æ–∫ –Ω–µ —Ä–∞—Å—à–∏—Ä–∏–ª–∏ —Å–∞–º–æ –Æ–∂–Ω–æ–µ —à–æ—Å—Å–µ, —É–∂ –∫–∞–∫–æ–µ-—Ç–æ –æ–Ω–æ —É–∑–∫–æ–≤–∞—Ç–æ–µ, —Ö–æ—Ç—å –±—ã –µ—â—ë –æ–¥–Ω—É –ø–æ–ª–æ—Å—É —Å–¥–µ–ª–∞–ª–∏, —Ç–µ–º –±–æ–ª–µ–µ —á—Ç–æ –µ—Å—Ç—å –º–µ—Å—Ç–æ –¥–ª—è —Ä–∞—Å—à–∏—Ä–µ–Ω–∏—è –Ω–∞ —Å—Ç–æ—Ä–æ–Ω–µ –ø–∞—Ä–∫–∞, —Ç–∫ —Ç–∞–º –∏ —Ç–∞–º –∫–∞–Ω–∞–≤–∞ –∫–∞–∫–∞—è-—Ç–æ, –≤–µ—á–Ω–æ –º–æ–∫—Ä–∞—è –∏–ª–∏ –≥—Ä—è–∑–Ω–∞—è;1
–ü–æ–¥—Å–∫–∞–∂–∏—Ç–µ, –∞ –±—É–¥–µ—Ç –∞—Å—Ñ–∞–ª—å—Ç–∏—Ä–æ–≤–∞—Ç—å—Å—è –¥–æ—Ä–æ–≥–∞ –≤–æ–∑–ª–µ –¥–æ–º–∞ –ë–µ–ª—ã –ö—É–Ω–∞ 27/1. –¥–æ –¥–æ–º–∞ –¥–æ—Ä–æ–≥–∞ —Å–¥–µ–ª–∞–Ω–∞, –ø–æ—Å–ª–µ —Ç–æ–∂–µ. –∞ –≤ –¥–æ–ª—å —Å–∞–º–æ–≥–æ –¥–æ–º–∞ –Ω–µ –ø—Ä–æ–π—Ç–∏;1
–í —Ü–µ–Ω—Ç—Ä–µ –¥–æ–º–æ–≤ –ø–æ –°–æ—Ñ–∏–π—Å–∫–æ–π 55 –∏ –¥–æ–º–æ–≤ –ø–æ –¢—É—Ä–∫—É 32 –æ–≥—Ä–æ–º–Ω–æ–µ –∑–∞–ø—É—â–µ–Ω–Ω–æ–µ –∑–∞–±–æ–ª–æ—á–µ–Ω–Ω–æ–µ –ø–æ–ª–µ. –ù–∏–∫–∞–∫–∏—Ö –¥–æ—Ä–æ–∂–µ–∫ —Ç–∞–º –Ω–µ—Ç –∏ –Ω–µ –±—ã–ª–æ –æ—Ç—Ä–æ–¥—è—Å—å. –ü–µ–Ω—Å–∏–æ–Ω–µ—Ä—ã –ø–æ–ª–∑—É—Ç –ø–æ –≥—Ä—è–∑–∏, —á—Ç–æ–±—ã –ø–æ—Å–∏–¥–µ—Ç—å –Ω–∞ –¥–≤—É—Ö —Ä–∞–∑–¥–æ–ª–±–∞–Ω–Ω—ã—Ö –ª–∞–≤–æ—á–∫–∞—Ö. –ü–æ—á–µ–º—É –±—ã —Ç—É–¥–∞ —Å–≤–æ—é —ç–Ω–µ—Ä–≥–∏—é –Ω–µ –Ω–∞–ø—Ä–∞–≤–∏—Ç—å, –∞ –Ω–µ –Ω–∞ —Å–æ–∫—Ä–∞—â–µ–Ω–∏–µ –ø–∞—Ä–∫–æ–≤–æ–∫?????;1
"–í –ø–∞—Ä–∫–æ–≤–æ–π –∑–æ–Ω–µ, –ø–æ –°–æ—Ñ–∏–π—Å–∫–∞—è 39 –∫–æ—Ä 3 –ø–ª–∞–Ω–∏—Ä—É–µ—Ç—Å—è –ø–æ—Å—Ç–∞–≤–∏—Ç—å —Å–∫–∞–º–µ–π–∫–∏, –Ω–æ —è –∫–∞–∫ –∂–∏—Ç–µ–ª—å —ç—Ç–æ–≥–æ –¥–æ–º–∞ –º–æ–≥—É —Å–∫–∞–∑–∞—Ç—å —Å —É–≤–µ—Ä–µ–Ω–Ω–æ—Å—Ç—å—é, —ç—Ç–æ —Ç–∞–º –±—É–¥—É  —Å–æ–±–∏—Ä–∞—Ç—å—Å—è –≤—Å–µ ""–º–∞—Ä–≥–∏–Ω–∞–ª—å–Ω—ã–µ –Ω–æ—á–Ω—ã–µ –ª–∏—á–Ω–æ—Å—Ç–∏"", –∫–æ—Ç–æ—Ä—ã–µ –æ–±—ã—á–Ω–æ —Å–ø–∞—Ç—å –Ω–µ –¥–∞—é—Ç –º–Ω–æ–≥–æ –ª–µ—Ç –ø–æ–¥—Ä—è–¥. –ò—Ö –º–µ—Å—Ç–æ –¥–∏—Å–ª–æ–∫–∞—Ü–∏–∏ –æ–±—ã—á–Ω–æ —Å–æ—Å–µ–¥–Ω—è—è —Ç–µ—Ä—Ä–∏—Ç–æ—Ä–∏—è –±—ã–ª–∞, –ø–æ–∫–∞ –Ω–µ —É–±—Ä–∞–ª–∏ —Å–∫–∞–º–µ–π–∫–∏.";1
–ü—Ä–∞–∂—Å–∫–∞—è;0
–î–æ–±—Ä–æ–µ —É—Ç—Ä–æ! –ê –∫–æ–≥–¥–∞ –∑–∞–∫–æ–Ω—á–∏—Ç—Å—è —Ä–µ–º–æ–Ω—Ç –¥–æ—Ä–æ–∂–µ–∫ –º–µ–∂–¥—É –¥–æ–º–æ–º –°–æ—Ñ–∏–π—Å–∫–∞—è 33/3 –∏ –¥–µ—Ç—Å–∫–∏–º —Å–∞–¥–æ–º 69? –¢–∞–º –∂—É—Ç–∫–∞—è –≥—Ä—è–∑—å –∏ –æ—Ç–∫—Ä—ã—Ç—ã–π –ª—é–∫!! –ö —à–∫–æ–ª–µ –∏ –¥–µ—Ç—Å–∫–æ–º—É —Å–∞–¥—É –Ω–µ –ø–æ–¥–æ–π—Ç–∏, –¥–µ—Ç—è–º –ø—Ä–∏—Ö–æ–¥–∏—Ç—Å—è –æ–±—Ö–æ–¥–∏—Ç—å –∫–∞–∫ —Ä–∞–∑ —Ä—è–¥–æ–º —Å –ª—é–∫–æ–º!;1
–í–æ—Ç —É –º–µ–Ω—è —Ç–æ—Ç –∂–µ –≤–æ–ø—Ä–æ—Å –ø—Ä–æ –¥–æ—Ä–æ–∂–∫–∏ –Ω–∞ –°–æ—Ñ–∏–π—Å–∫–æ–π 33/3, –µ—Å–ª–∏ —ç—Ç–æ –¥–æ–ª–≥–æ—Å—Ç—Ä–æ–π, —Ç–æ  —Ö–æ—Ç—è –±—ã –∫–∞–∫–æ–π —Ç–æ –Ω–∞—Å—Ç–∏–ª –≤—Ä–µ–º–µ–Ω–Ω—ã–π –∏–∑ –¥–æ—Å–æ–∫ —Å–¥–µ–ª–∞—Ç—å  –±—ã, —á—Ç–æ–±—ã –ª—é–¥—è–º  –ø—Ä–æ–π—Ç–∏ –º–æ–∂–Ω–æ –±—ã–ª–æ. –ê —Ç–æ –∏–¥–µ—è –ø—Ä–µ–∫—Ä–∞—Å–Ω–∞—è, –∞ –∏—Å–ø–æ–ª–Ω–µ–Ω–∏–µ –∫–∞–∫ —Ç–æ –∑–∞—Ç—è–Ω—É—Ç–æ —É–∂ –æ—á–µ–Ω—å.;1
–î–æ–±—Ä–æ–µ —É—Ç—Ä–æ! –ê –∫–æ–≥–¥–∞ –∑–∞–∫–æ–Ω—á–∏—Ç—Å—è —Ä–µ–º–æ–Ω—Ç –¥–æ—Ä–æ–∂–µ–∫ –º–µ–∂–¥—É –¥–æ–º–æ–º –°–æ—Ñ–∏–π—Å–∫–∞—è 33/3 –∏ –¥–µ—Ç—Å–∫–∏–º —Å–∞–¥–æ–º 69? –¢–∞–º –∂—É—Ç–∫–∞—è –≥—Ä—è–∑—å –∏ –æ—Ç–∫—Ä—ã—Ç—ã–π –ª—é–∫!! –ö —à–∫–æ–ª–µ –∏ –¥–µ—Ç—Å–∫–æ–º—É —Å–∞–¥—É –Ω–µ –ø–æ–¥–æ–π—Ç–∏, –¥–µ—Ç—è–º –ø—Ä–∏—Ö–æ–¥–∏—Ç—Å—è –æ–±—Ö–æ–¥–∏—Ç—å –∫–∞–∫ —Ä–∞–∑ —Ä—è–¥–æ–º —Å –ª—é–∫–æ–º!;1
–≠—Ç–æ –∫–æ–Ω–µ—á–Ω–æ —Ö–æ—Ä–æ—à–æ. –ê –≤–æ—Ç –Ω–∞ –°–æ—Ñ–∏–π—Å–∫–æ–π 28 –∏–¥–µ—Ç –ø–æ—Å—Ç–æ—è–Ω–Ω–æ —Ä–∂–∞–≤–∞—è –≤–æ–¥–∞, –∫—Ä–∞–Ω—ã –∫–∞–∂–¥—ã–µ –ø—è—Ç—å - —Å–µ–º—å –ª–µ—Ç –Ω–∞–¥–æ –º–µ–Ω—è—Ç—å –∏–∑-–∑–∞ —Ä–∂–∞–≤—á–∏–Ω—ã. –ò –Ω–∏–∫–æ–º—É –Ω–∏—á–µ–≥–æ –Ω–µ –Ω—É–∂–Ω–æ. –°–∞–Ω–ü–∏–Ω –Ω–∞—Ä—É—à–µ–Ω –ø–æ–ª–Ω–æ—Å—Ç—å—é. –ê –ø–æ—Ç–æ–º —É–¥–∏–≤–ª—è–µ–º—Å—è, –ø–æ—á–µ–º—É —Ç–∞–∫–∏–µ –±–æ–ª—å–Ω—ã–µ –¥–µ—Ç–∏ –≤ –Ω–∞—à–µ–º –¥–æ–º–µ. –ú–æ–∂–µ—Ç –ø—Ä–∏—á–∏–Ω–∞ –≤ –≤–æ–¥–µ.?;1
üëç –°–æ—Ñ–∏–π—Å–∫–∞—è 35 –∫5 —Ç–æ–∂–µ –º–µ—á—Ç–∞–µ—Ç –æ —Ç–∞–∫–æ–º –≤–∏–¥–µ —Ä–∞–±–æ—Ç. –ê—Å—Ñ–∞–ª—å—Ç –≤–µ—Å—å –≤ –¥—ã—Ä–∞—Öüòî;1
–ó–¥—Ä–∞–≤—Å—Ç–≤—É–π—Ç–µ! –°–∫–∞–∂–∏—Ç–µ –ø–æ–∂–∞–ª—É–π—Å—Ç–∞,–∞ –Ω–∞ –¢—É—Ä–∫—É –¥.22 –∫.4 –±—É–¥–µ—Ç —Ä–µ–º–æ–Ω—Ç –∞—Å—Ñ–∞–ª—å—Ç–∞,–∫–∞–∫ –ø–∏—Å–∞–ª–æ—Å—å —Ä–∞–Ω–µ–µ?;0
–î–æ–±—Ä—ã–π –¥–µ–Ω—å! –£ –≤–æ–µ–Ω–∫–æ–º–∞—Ç–∞ –¥–µ–ª–∞—é—Ç –¥–æ—Ä–æ–∂–∫–∏. –≠—Ç–æ —Ö–æ—Ä–æ—à–æ, —Å–ø–∞—Å–∏–±–æ.  –ù–æ –ø–∞—Ä–∫–æ–≤–∫–∞ —É –¥–æ–º–∞ –ø–æ –∞–¥—Ä–µ—Å—É –°–ª–∞–≤—ã 51 –≤ –∂—É—Ç–∫–æ–º —Å–æ—Å—Ç–æ—è–Ω–∏–∏. –ü—Ä—è–º–æ –Ω–∞ –∞—Å—Ñ–∞–ª—å—Ç —Å–≤–∞–ª–∏–ª–∏ 3 —Å–∞–º–æ—Å–≤–∞–ª–∞ —á–µ—Ä–Ω–æ–∑–µ–º–∞. –ñ—É—Ç–∫–∞—è –≥—Ä—è–∑—å, –æ–±—É–≤—å –∏ –¥–µ—Ç—Å–∫–∏–µ –∫–æ–ª—è—Å–∫–∏ –Ω–µ –æ—Ç–º—ã—Ç—å. –ù–∞–¥–µ—é—Å—å, –¥–æ—Ä–æ–∂–Ω—ã–µ —Ä–∞–±–æ—Ç–Ω–∏–∫–∏ –ø—Ä–∏–≤–µ–¥—É—Ç –≤ –ø–æ—Ä—è–¥–æ–∫ –Ω–µ —Ç–æ–ª—å–∫–æ –Ω–æ–≤—ã–π –≥–∞–∑–æ–Ω, –Ω–æ –∏ —Ç–µ—Ä—Ä–∏—Ç–æ—Ä–∏—é, –∫–æ—Ç–æ—Ä—É—é –æ–Ω–∏ –∏—Å–ø–æ—Ä—Ç–∏–ª–∏. –ü–ª—é—Å –∫ —ç—Ç–æ–º—É –æ—Ç —Ç—è–∂–µ–ª—ã—Ö —Å–∞–º–æ—Å–≤–∞–ª–æ–≤ —Å –ø–µ—Å–∫–æ–º –∏ —â–µ–±–Ω–µ–º –ø—Ä–æ—Å–µ–ª –∞—Å—Ñ–∞–ª—å—Ç —É –º—É—Å–æ—Ä–Ω—ã—Ö –∫–æ–Ω—Ç–µ–π–Ω–µ—Ä–æ–≤. –≠—Ç–∏ –Ω–æ–≤—ã–µ —è–º—ã –±—É–¥—É—Ç –∑–∞–¥–µ–ª–∞–Ω—ã? –°–ø–∞—Å–∏–±–æ;0
–ü–æ –Æ–∂–Ω–æ–º—É —à–æ—Å—Å–µ —Ö–æ–¥–∏–ª–∏ —Ç—Ä–æ–ª–ª–µ–π–±—É—Å—ã????;0
–ê –∫–æ–≥–¥–∞ —ç—Ç–æ 35 —Ç—Ä–æ–ª–ª–µ–π–±—É—Å —Ö–æ–¥–∏–ª –ø–æ –ò–≤–∞–Ω–æ–≤—Å–∫–æ–π –∏ –ø–æ –ë–∞–±—É—à–∫–∏–Ω–∞?–ï–≥–æ –∫–æ–Ω–µ—á–Ω–∞—è —Å—Ç.–°–æ—Ä—Ç–∏—Ä–æ–≤–æ—á–Ω–∞—è.–ù–µ –≤–≤–æ–¥–∏—Ç–µ –ª—é–¥–µ–π –≤ –∑–∞–±–ª—É–∂–¥–µ–Ω–∏–µ.;0
–ó–¥—Ä–∞–≤—Å—Ç–≤—É–π—Ç–µ. –í–æ–∑–º–æ–∂–Ω–æ –Ω–µ—Å–∫–æ–ª—å–∫–æ –Ω–µ –ø–æ —Ç–µ–º–µ.  –ù–æ –æ–±—Ä–∞—â—É—Å—å —Å –≤–æ–ø—Ä–æ—Å–æ–º –≤–æ–∑–º–æ–∂–Ω–æ –ª–∏ –ø—Ä–∏–≤–µ–∑—Ç–∏ –∫ –ø–æ–¥—ä–µ–∑–¥—É 2 –ø–æ –°–æ—Ñ–∏–π—Å–∫–æ–π 42/2 –∑–µ–º–ª—é ? ( –∏–Ω–∏—Ü–∏–∞—Ç–∏–≤–Ω–∞—è –≥—Ä—É–ø–ø–∞ –∂–∏–ª—å—Ü–æ–≤ –æ—Ä–≥–∞–Ω–∏–∑–æ–≤–∞–ª–∞ –∫–ª—É–º–±—É , –∞ –∑–µ–º–ª–∏ —Å–æ–≤—Å–µ–º —Å–æ–≤—Å–µ–º –º–∞–ª–æ);0
–î–æ–±—Ä—ã–π –¥–µ–Ω—å, –ø—Ä–∏ –≤—ä–µ–∑–¥–µ  –°–æ—Ñ–∏–π—Å–∫–∞—è, 35/3 —Ä–∞–Ω—å—à–µ –º–æ–∂–Ω–æ –±—ã–ª–æ –ø—Ä–æ–ø—É—Å—Ç–∏—Ç—å –≤—ã–µ–∑–∂–∞—é—â—É—é –º–∞—à–∏–Ω—É, –∞ —Ç–µ–ø–µ—Ä—å –≤–µ—á–µ—Ä–æ–º —ç—Ç–æ –æ–≥—Ä–æ–º–Ω–∞—è –ø—Ä–æ–±–ª–µ–º–∞, —Ç. –∫. –ø–æ–ø—Ä–æ—Å—Ç—É –Ω–µ–∫—É–¥–∞ –ø—Ä–∏–∂–∞—Ç—å—Å—è. –î–ª—è —Ç–æ–≥–æ, —á—Ç–æ –±—ã –ø—Ä–æ–ø—É—Å—Ç–∏—Ç—å —Å–∫–æ—Ä—É—é –º–Ω–µ –ø—Ä–∏—à–ª–æ—Å—å –ø—Ä–∏–ª–æ–∂–∏—Ç—å –Ω–µ–º–∞–ª—ã–µ —É—Å–∏–ª–∏—è.;1
–î–µ–Ω—å –¥–æ–±—Ä—ã–π! –û–±–µ—â–∞–ª–∏ –Ω–∞ –ú–æ—Ä–∞–≤—Å–∫–æ–º 3/1 –∏ –≤–æ–∫—Ä—É–≥ - –±–ª–∞–≥–æ—É—Å—Ç—Ä–æ–∏—Ç—å –¥–µ—Ç—Å–∫–∏–µ –ø–ª–æ—â–∞–¥–∫–∏ –∫ 2022 –≥–æ–¥—É.;1
–ú–æ—Ä–∞–≤—Å–∫–∏–π - –Ω–µ –Ω–∞—à –æ–∫—Ä—É–≥;0
–í—ã –∂–µ –æ–±—Å—É–∂–¥–∞–ª–∏ –¥–æ—Ä–æ–∂–∫—É –¥–æ —à–∫–æ–ª—ã –°–æ—Ñ–∏–π—Å–∫–∞—è 34/2 . –î–∞–∂–µ –ø—Ä–æ–µ–∫—Ç –¥–µ–ª–∞–ª–∏ .  –û–Ω–∞ –µ–¥–∏–Ω—Å—Ç–≤–µ–Ω–Ω–∞—è –ø–∞—Ä–∞–ª–ª–µ–ª—å–Ω–∞ –¥–æ—Ä–æ–≥–µ, –≥–¥–µ –æ–≥—Ä–æ–º–Ω–æ–µ –∫–æ–ª–∏—á–µ—Å—Ç–≤–æ –∞–≤—Ç–æ –≤–µ–∑–µ—Ç —à–∫–æ–ª—å–Ω–∏–∫–æ–≤ !! –û–Ω–∞ —É—Ç–æ–ø–∞–µ—Ç –≤ –≥—Ä—è–∑–∏ –∏ –≤–æ–¥–µ . –¢–∞–º —É–∂–µ –∫—É—Å–∫–∏ –∞—Å—Ñ–∞–ª—å—Ç–∞ –≤—ã–ª–æ–∂–∏–ª–∏ —á—Ç–æ–± –≤ –≥@–Ω–µ –Ω–µ —É—Ç–æ–Ω—É—Ç—å ! –û—Ç 38 –¥–æ–º–∞ —Ç–æ–ª—å–∫–æ —á—Ç–æ –Ω–∞ –∫—Ä—ã–ª—å—è—Ö . –ò –ø–µ—Å–∫–∞ –ø–æ–¥ –∫–∞—á–µ–ª–∏ —Ç–∞–º –ø–æ–∂–∞–ª–µ–ª–∏ –∏ –ø–ª–æ—â–∞–¥–∫—É —É 38 –¥–æ–º–∞ –Ω–µ —Å—Ç–∞–ª–∏ –¥–µ–ª–∞—Ç—å .;1
–ú–æ –ë–∞–ª–∫–∞–Ω—Å–∫–∏–π –Ω–∏—á–µ–≥–æ –Ω–µ –¥–µ–ª–∞–µ—Ç!;1
–ó–¥—Ä–∞–≤—Å—Ç–≤—É–π—Ç–µ, —Å–∫–∞–∂–∏—Ç–µ –ø–∂. –ü–æ –∞–¥—Ä–µ—Å—É –ë—É—Ö–∞—Ä–µ—Å—Ç—Å–∫–∞—è 76 –∫. 1 —É–∫–∞–∑–∞–Ω–Ω—É—é –¥–æ—Ä–æ–∂–∫—É –ø–ª–∞–Ω–∏—Ä—É–µ—Ç—Å—è –ø–æ–¥—Å—ã–ø–∞—Ç—å?;1
–†—É–∫–∏ –±—ã –æ–±–æ—Ä–≤–∞—Ç—å —Ç–µ–º, –∫—Ç–æ —Ç–∞–∫ –∏–∑—É—Ä–æ–¥–æ–≤–∞–ª —è–±–ª–æ–Ω—é —É —Ç—Ä–µ—Ç–µ–π –ø–∞—Ä–∞–¥–Ω–æ–π –ø–æ –ë—É—Ö–∞—Ä–µ—Å—Ç—Å–∫–æ–π 94 –∫–æ—Ä–ø—É—Å1. –ù—É, –∞ —É —Ç–æ–≥–æ, –∫–æ–º—É –æ–Ω–∞ –ø–æ–º–µ—à–∞–ª–∞, –ø—É—Å—Ç—å —Ä–æ–≥ –Ω–∞ –ª–±—É –≤—ã—Ä–∞—Å—Ç–µ—Ç, —á—Ç–æ–± –º—ã —Å–≤–æ–∏—Ö –≥–µ—Ä–æ–µ–≤ –∑–Ω–∞–ª–∏ –≤ –ª–∏—Ü–æ.;1
–°–∫–∞–∂–∏—Ç–µ, –∞ –∫–æ–º—É –æ–±—Ä–∞—Ç–∏—Ç—å—Å—è –Ω–∞—Å—á—ë—Ç –¥–µ—Ä–µ–≤—å–µ–≤ –º–µ–∂–¥—É –°–æ—Ñ–∏–µ–π –∏ –î–∏–º–∏—Ç—Ä–æ–≤–∞, –∞ —Ç–æ —Ç–∞–º –ø—Ä–æ—Å—Ç–æ –ø–æ–≥–∏–±–∞—é—Ç –¥–µ—Ä–µ–≤—å—è((( –Ω–µ—Å–∫–æ–ª—å–∫–æ –∑–∞—Å–æ—Ö–ª–∏, —Ç–∫ —Å—Ç–æ—è—Ç –≤ –≤–æ–¥–µ(( –±–µ—Ä–µ–≥ –æ–±–≤–∞–ª–∏–≤–∞–µ—Ç—Å—è –≤—Å—ë –±–æ–ª—å—à–µ –∏ –±–æ–ª—å—à–µ (—Å–∫–æ—Ä–æ –¥–æ –¥–æ—Ä–æ–∂–∫–∏ –¥–æ–π–¥—ë—Ç) –û—á–µ–Ω—å –∂–∞–ª–∫–æ —Å–º–æ—Ç—Ä–µ—Ç—å((  –ü–æ–¥—Å–∫–∞–∂–∏—Ç–µ, –∫ –∫–æ–º—É —Å —ç—Ç–∏–º –æ–±—Ä–∞—Ç–∏—Ç—å—Å—è;1
–û—Å–µ–Ω–Ω–∏–π —É—Ö–æ–¥ –Ω–µ –ø–æ–ª—É—á–∏–ª–∏ —Å–∞–∂–µ–Ω—Ü—ã –≤–æ –¥–≤–æ—Ä–µ –¥–æ–º–æ–≤ –ø–æ –ë—É—Ö–∞—Ä–µ—Å—Ç—Å–∫–æ–π 94 –∫–æ—Ä–ø—É—Å–∞ 3 -4. –û–±–µ—â–∞–ª–∏ —á—Ç–æ –∫–∞–∂–¥—ã–π —Å—Ç–≤–æ–ª –∑–∞–±–æ—Ç–ª–∏–≤—ã–µ —Ä—É–∫–∏ —Å–∞–¥–æ–≤–Ω–∏–∫–æ–≤ –æ–±–µ—Ä–Ω—É—Ç –≤ –º–µ—Å—Ç–µ –ø–æ–¥–≤—è–∑–∫–∏ —Ö–æ–ª—Å—Ç–∏–Ω–æ–π –∏ –∑–∞–∫—Ä–µ–ø—è—Ç —à–ø–∞–≥–∞—Ç–æ–º –Ω–∞ –¥–≤–∞ –∫–æ–ª–∞. –≠—Ç–æ –ø—Ä–∏–¥–∞—Å—Ç –º–æ–ª–æ–¥—ã–º –¥–µ—Ä–µ–≤—Ü–∞–º —É—Å—Ç–æ–π—á–∏–≤–æ—Å—Ç—å –≤–æ –≤—Ä–µ–º—è –æ—Å–µ–Ω–Ω–∏—Ö –±—É—Ä—å –∏ –∑–∏–º–Ω–∏—Ö —Å–Ω–µ–≥–æ–ø–∞–¥–æ–≤. –í–æ—Ç —Ä–µ–∑—É–ª—å—Ç–∞—Ç —Ä–∞–±–æ—Ç—ã. –£–∫—Ä–µ–ø–∏–ª–∏ –¥–≤–∞ –º—ë—Ä—Ç–≤—ã—Ö –¥–µ—Ä–µ–≤–∞.;1
–î–æ–±—Ä—ã–π –≤–µ—á–µ—Ä! –°–∫–∞–∂–∏—Ç–µ –ø–æ–∂–∞–ª—É–π—Å—Ç–∞, –∞ –∫—É–¥–∞ —É—Å–∫–∞–∫–∞–ª–∏ —Å–∞–∂–µ–Ω—Ü—ã –æ—Ç –Ω–æ–≤—ã—Ö –∞—Å—Ñ–∞–ª—å—Ç–æ–≤—ã—Ö –¥–æ—Ä–æ–∂–µ–∫ –≤–æ–∑–ª–µ –¥–µ—Ç—Å–∫–æ–≥–æ —Å–∞–¥–∞ –ø–æ –¢—É—Ä–∫—É 22/6? –¢–æ–ª—å–∫–æ –ø–æ—Ä–∞–¥–æ–≤–∞–ª–∏—Å—å, –∫–∞–∫—É—é –∫—Ä–∞—Å–æ—Ç—É –±—É–¥—É—Ç —Å–∞–∂–∞—Ç—å - –∫–∞–∫ –æ—Å—Ç–∞–ª–∏—Å—å –æ–¥–Ω–∏ —è–º—ã...;1
–∞ —Å—Ç–∞—Ä—ã–µ –ø–ª–∏—Ç—ã –æ—Ç –¥–æ—Ä–æ–∂–µ–∫ –æ–±–µ—â–∞–ª –®–≤–µ—Ü –ü.–ï. —É–ª–æ–∂–∏—Ç—å –º–µ–∂–¥—É –≥–∏–º–Ω–∞–∑–∏–∏ 295 –∏ –¥–æ–º–æ–º –°–ª–∞–≤—ã 40 –∫ 6, –∂–¥–µ–º.....;0
–ó–¥—Ä–∞–≤—Å—Ç–≤—É–π—Ç–µ,–≤—ã—Ä–∞–∂–∞—é –ú–û 72 –æ–≥—Ä–æ–º–Ω—É—é –±–ª–∞–≥–æ–¥–∞—Ä–Ω–æ—Å—Ç—å –∑–∞ –ø–µ—à–µ—Ö–æ–¥–Ω—ã–µ –¥–æ—Ä–æ–∂–∫–∏ –Ω–∞ –°–æ—Ñ–∏–π—Å–∫–æ–π,–¥–≤–∞ —Ä–∞–∑–∞ –≤ –¥–µ–Ω—å –º–æ–π –ø—É—Ç—å –ø—Ä–æ—Ö–æ–¥–∏—Ç –ø–æ —ç—Ç–æ–º—É –ø—É—Ç–∏ –∏ —è –º—ã—Å–ª–µ–Ω–Ω–æ –±–ª–∞–≥–æ–¥–∞—Ä—é –≤—Å–µ—Ö –ø—Ä–∏—á–∞—Å—Ç–Ω—ã—Ö,—Å–µ–π—á–∞—Å, –∫–æ–≥–¥–∞ –¥–æ–∂–¥–∏, —ç—Ç–æ –æ—Å–æ–±–µ–Ω–Ω–æ –æ—â—É—â–∞–µ—Ç—Å—è,—Å–ø–∞—Å–∏–±–æ));0
"–°–ø–∞—Å–∏–±–æ –∑–∞ –∏–Ω—Ñ–æ—Ä–º–∞—Ü–∏—é! –•–æ—Ä–æ—à–æ –±—ã, –µ—â—ë –ø–æ–∫–∞–∑–∞—Ç—å –ø—É—Ç–∏ –æ–±—ä–µ–∑–¥–∞. –ò –Ω–∞ –ø–µ—Ä–µ–∫—Ä—ë—Å—Ç–∫–µ —Å –î–∏–º–∏—Ç—Ä–æ–≤–∞ –Ω–∞ –°–æ—Ñ–∏–π—Å–∫—É—é, —Ö–æ—Ç—è –±—ã –≤—Ä–µ–º–µ–Ω–Ω–æ, –æ—Ä–≥–∞–Ω–∏–∑–æ–≤–∞—Ç—å ""–ø–æ–≤–æ—Ä–æ—Ç –Ω–∞–ª–µ–≤–æ""...  –ò–Ω–∞—á–µ, –ø—Ä. –°–ª–∞–≤—ã –º–æ–∂–µ—Ç ""–≤—Å—Ç–∞—Ç—å –≤ –ø—Ä–æ–±–∫–µ"".";0
–£ –∞–¥—Ä–µ—Å–∞ –°–æ—Ñ–∏–π—Å–∫–∞—è 35 8 –∫–æ—Ä–ø—É—Å–æ–≤ –∏ –Ω–∏ –æ–¥–Ω–æ–π –¥–µ—Ç—Å–∫–æ–π –ø–ª–æ—â–∞–¥–∫–∏ ü§∑‚Äç‚ôÄÔ∏è –û–¥–Ω–∞ –±—ã–ª–∞ - —Ä–∞–∑—Ä—É—à–∏–ª–∏ –∏ –Ω–∏—á–µ–≥–æ –≤ –∑–∞–º–µ–Ω –∑–∞ 8 –ª–µ—Ç –Ω–µ –ø–æ—Å—Ç—Ä–æ–∏–ª–∏. –ü–æ—ç—Ç–æ–º—É –ø—Ä–æ—à—É –≤–∑—è—Ç—å –≤–æ –≤–Ω–∏–º–∞–Ω–∏–µ , –°–æ—Ñ–∏–π—Å–∫–∞—è 43 —ç—Ç–æ –¥–∞–ª–µ–∫–æ –Ω–µ 35 –∏ –∞–¥—Ä–µ—Å—É –°–æ—Ñ–∏–π—Å–∫–∞—è 35 –Ω—É–∂–Ω–∞ —Ö–æ—Ç—è –±—ã –æ–¥–Ω–∞ –¥–µ—Ç—Å–∫–∞—è –ø–ª–æ—â–∞–¥–∫–∞, –∞ –Ω–µ —Å–∫–∞–º–µ–µ—á–∫–∏ –¥–ª—è —Å–æ–±–∞—á–Ω–∏–∫–æ–≤, –∫–æ—Ç–æ—Ä—ã–µ –∑–∞ —Å–≤–æ–∏–º–∏ —Å–æ–±–∞–∫–∞–º–∏ —Ä–µ–¥–∫–æ —É–±–∏—Ä–∞—é—Ç –∏ –ø–æ—ç—Ç–æ–º—É –¥–µ—Ç–µ–π –¥–∞–∂–µ –Ω–∞ —Ç—Ä–∞–≤–∫—É –Ω–µ –æ—Ç–ø—É—Å—Ç–∏—Ç—å –ø–æ–≥—É–ª—è—Ç—å, —á—Ç–æ –±—ã –Ω–µ –≤–ª—è–ø–∞–ª–∏—Å—å –Ω–∏ –∫—É–¥–∞;1
–•–æ—Ä–æ—à–æ,—á—Ç–æ –Ω–∞ —Ä–µ–∑–∏–Ω—É –¥–ª—è –¥–µ—Ç—Å–∫–∏—Ö –ø–ª–æ—â–∞–¥–æ–∫ –Ω–µ —Ö–≤–∞—Ç–∏—Ç) –°–µ–≥–æ–¥–Ω—è –≥—É–ª—è–ª–∏ –≤ –†—ã–±–∞—Ü–∫–æ–º.–í—Å–µ –¥–µ—Ç—Å–∫–∏–µ –ø–ª–æ—â–∞–¥–∫–∏ —Å–¥–µ–ª–∞–Ω—ã –Ω–∞ –≥—Ä—É–Ω—Ç–æ–≤–∫–µ-–ü—Ä–µ–∫—Ä–∞—Å–Ω–æ! –ü–æ—á–µ–º—É –Ω–∞—à —Ä–∞–π–æ–Ω –∑–∞–ø–µ—á–∞—Ç—ã–≤–∞—é—Ç –≤ —Ä–µ–∑–∏–Ω—É?? –ü–æ—Ç–æ–º—É —á—Ç–æ —ç—Ç–æ –¥–æ—Ä–æ–∂–µ?;0
–ù–∞ —Å–æ—Ñ–∏–π—Å–∫–æ–π 55 –ø–ª–æ—â–∞–¥–∫–∞ –ø—Ä–æ—Å—Ç–æ –Ω–µ–æ–±—Ö–æ–¥–∏–º–∞!!!;0
–ù–∏—á–µ–≥–æ –æ–Ω–∞ –Ω–µ –±–æ–ª—Ç–∞–ª–∞—Å—å. –•–≤–∞—Ç–∏—Ç —Å–∫–∞–∑–∫–∏ —Ä–∞—Å—Å–∫–∞–∑—ã–≤–∞—Ç—å. –° —Ä–µ–±–µ–Ω–∫–æ–º —Å —É–¥–æ–≤–æ–ª—å—Å—Ç–≤–∏–µ–º —Ç–∞–º –ø–æ–ª–∑–∞–ª–∏. –í—ã –º–∞—Å—Ç–µ—Ä–∞ —É–±–∏—Ä–∞—Ç—å, –∞ —Å—Ç—Ä–æ–∏—Ç—å? –û–¥–Ω—É –Ω–æ–≤—É—é –ø–ª–æ—â–∞–¥–∫—É —Å–¥–µ–ª–∞–ª–∏ –Ω–∞ –ë—É—Ö–∞—Ä–µ—Å—Ç—Å–∫–æ–π –∏ –≤—Å–µ‚Ä¶ –∞ —à—É–º—É —Ç–æ –±—ã–ª–æ. –î–∞ —É –Ω–∞ —Ç–æ–π —É–∂–µ –±–∞—Ä–∞—à–∫–∞ —Å–ª–æ–º–∞–ª–∏.;0
–ü–æ–¥—Å–∫–∞–∂–∏—Ç–µ, –∫–æ–º—É –ø—Ä–∏–Ω–∞–¥–ª–µ–∂–∏—Ç —Ç–µ—Ä—Ä–∏—Ç–æ—Ä–∏—è –ø–µ—Ä–µ–¥ —Ñ–∏—Ç–Ω–µ—Å —Ö–∞—É—Å–æ–º –Ω–∞ –ü—Ä–∞–∂—Å–∫–æ–π –∏ –∑–∞ —Ç–µ—Ä—Ä–∏—Ç–æ—Ä–∏–µ–π –Ω–µ–≤—Å–∫–æ–≥–æ —Ñ—Ä–æ–Ω—Ç–∞.–¢–∞–º  –ø–∞—Ä–∫—É—é—Ç—Å—è –∞–≤—Ç–æ–º–æ–±–∏–ª–∏, –≤ —Å—Ç–æ—Ä–æ–Ω—É –°–æ—Ñ–∏–π—Å–∫–æ–π –Ω–µ –ø—Ä–æ–π—Ç–∏, —è–º—ã, –≥—Ä—è–∑—å. –ê—Å—Ñ–∞–ª—å—Ç–∞ –Ω–µ—Ç. –û—Å–≤–µ—â–µ–Ω–∏—è –Ω–µ—Ç.;0
–ñ–¥–µ–º —Å–∏–Ω–µ–Ω—å–∫—É—é –ø–æ–ª–æ—Å–∫—É –∞—Å—Ñ–∞–ª—å—Ç–∞ –Ω–∞ –°–æ—Ñ–∏–π—Å–∫–æ–π 43 —Å –Ω–µ—Ç–µ—Ä–ø–µ–Ω–∏–µ–º –¥–æ —Å–Ω–µ–≥–∞;1
–ö–æ–≥–¥–∞ –∂–µ –¥–æ –Ω–∞—à–µ–≥–æ –¥–≤–æ—Ä–∞ –°–æ—Ñ–∏–π—Å–∫–∞—è 55 –æ—á–µ—Ä–µ–¥—å –¥–æ–π–¥—ë—Ç?;0
–û—Ç–¥–µ–ª—å–Ω–æ–µ —Å–ø–∞—Å–∏–±–æ –∑–∞ –¥–æ—Ä–æ–∂–∫—É –º–µ–∂–¥—É —Å–∞–¥–∏–∫–æ–º 77 –∏ –¥–æ–º–æ–º –°–æ—Ñ–∏–π—Å–∫–∞—è 43/4!  –¢–∞–∫ –ø—Ä–∏—è—Ç–Ω–æ –∏ —É–¥–æ–±–Ω–æ —Ç–µ–ø–µ—Ä—å —Ö–æ–¥–∏—Ç—å —Ä–µ–±—è—Ç–∞–º –≤ —à–∫–æ–ª—É –∏ —Å–∞–¥–∏–∫! –ú—ã –≤—Å–µ –æ—á–µ–Ω—å —Ä–∞–¥—ã —ç—Ç–∏–º –∏–∑–º–µ–Ω–µ–Ω–∏—è–º –∏ –æ—á–µ–Ω—å –±–ª–∞–≥–æ–¥–∞—Ä–Ω—ã –í–∞–º!‚ù§Ô∏è;0
–î–µ–≤—É—à–∫–∏ –º–æ–ª–æ–¥—Ü—ã.  –ú—ã  —É —Å–µ–±—è –≤–æ–∑–ª–µ –¥–æ–º–∞ –Ω–∞ –°–ª–∞–≤—ã  40, —Ç–æ–∂–µ –ø–æ—Å–∞–¥–∏–ª–∏ 38 –∫—É—Å—Ç–æ–≤ —Å–∞–º–∏ –∏ –∫–ª—É–º–±—ã  —Å–¥–µ–ª–∞–ª–∏, –º—É–Ω–∏—Ü–∏–ø–∞–ª–∏—Ç–µ—Ç –≤ –∫—É—Ä—Å–µ, –∏ —á—Ç–æ???;0
–£–≤–∏–¥–µ–ª –¥–∞–Ω–Ω–æ–µ –º–µ—Ä–æ–ø—Ä–∏—è—Ç–∏–µ, –Ω–∞ –¥–µ—Ç—Å–∫–æ–π –ø–ª–æ—â–∞–¥–∫–µ –≤–æ –¥–≤–æ—Ä–µ –ø–æ —É–ª –°–æ—Ñ–∏–π—Å–∫–∞—è 20, –∫–æ—Ä–ø. 3/4, –∏ –≤–æ–∑–Ω–∏–∫ –≤–æ–ø—Ä–æ—Å: - –ø–æ—á–µ–º—É –º–µ—Ä–æ–ø—Ä–∏—è—Ç–∏–µ –ø—Ä–æ–≤–æ–¥–∏–ª–æ—Å—å –≤ —Ç–∞–∫–æ–º —á–∞—Å—Ç–Ω–æ–º –ø–æ—Ä—è–¥–∫–µ –±–µ–∑ —É—á–∞—Å—Ç–∏—è –ø–µ–¥–∞–≥–æ–≥–æ–≤, –æ—Ä–≥–∞–Ω–æ–≤ –æ–ø–µ–∫–∏, –£–î–ù –ú–í–î, –±–µ–∑ —Å–æ–≥–ª–∞—Å–∏—è —Ä–æ–¥–∏—Ç–µ–ª–µ–π, —Å–æ—Ç—Ä—É–¥–Ω–∏–∫–∏ –≤—Å—Ç—É–ø–∞–ª–∏ –≤ –∫–æ–Ω—Ç–∞–∫—Ç —Å –Ω–µ—Å–æ–≤–µ—Ä—à–µ–Ω–Ω–æ–ª–µ—Ç–Ω–∏–º–∏ –∏ –≤–µ–ª–∏ –∞–≥–∏—Ç–∞—Ü–∏—é —Å—Ä–µ–¥–∏ –¥–µ—Ç–µ–π, –≤—Ä—É—á–∞–ª–∏ –∏–º –ª–∏—Ç–µ—Ä–∞—Ç—É—Ä—É –∏ –∫–∞—Ç–∞—Ñ–æ—Ç—ã?;0
–ö–æ–≥–¥–∞ –±—É–¥–µ—Ç –≤—ã–ø–æ–ª–Ω–µ–Ω–æ –∞—Å—Ñ–∞–ª—å—Ç–∏—Ä–æ–≤–∞–Ω–∏–µ —É –¥–æ–º–∞ –ø–æ –∞–¥—Ä–µ—Å—É: –¢—É—Ä–∫—É 22 –∫–æ—Ä–ø3? –ñ—É—Ç–∫–∏–µ —è–º—ã;1
–ë—É–¥—å—Ç–µ –¥–æ–±—Ä—ã, –∞ –∫ –∫–æ–º—É –º–æ–∂–Ω–æ –æ–±—Ä–∞—â–∞—Ç—å—Å—è –ø–æ –ø–æ–≤–æ–¥—É –∞–≤–∞—Ä–∏–π–Ω–æ–≥–æ –¥–µ—Ä–µ–≤–∞? –≠—Ç–æ –Ω–∞–ø—Ä–æ—Ç–∏–≤ –ø–æ—Å–ª–µ–¥–Ω–µ–π –ø–∞—Ä–∞–¥–Ω–æ–π –ø–æ –¢—É—Ä–∫—É 32 –∫4. –î–µ—Ä–∂–∏—Ç—Å—è –Ω–∞ —á–µ—Å—Ç–Ω–æ–º —Å–ª–æ–≤–µ –∏ –±–æ—è—Ä—ã—à–Ω–∏–∫–æ–≤–æ–º –∫—É—Å—Ç–µ;1
–°–ª–∞–≤—ã 51 —Ç–æ–∂–µ –ø–ª–∞–Ω–∏—Ä—É–µ—Ç–µ, –ø—Ä–∞–≤–∏–ª—å–Ω–æ –∂–µ –ø–æ–º–Ω—é?;0
–ù–∞ –¢—É—Ä–∫—É 12 –∫ 2 —Ç–æ–∂–µ –±—ã —Ñ–∞–Ω–∞—Ä–∏ –Ω–µ –ø–æ–º–µ—à–∞–ª–∏ . –í–µ—á–µ—Ä–æ–º –¥–µ—Ç–∏ –≥—É–ª—è—é—Ç –∏ –Ω–∏—á–µ–≥–æ –Ω–µ –≤–∏–¥–Ω–æ.;1
üëçüèª –Æ–∂–Ω–æ–µ —à–æ—Å—Å–µ 68, 74 —Ç–æ–∂–µ –¥–∞–≤–Ω–æ –ø—Ä–æ—Å—Ç–∏–º –æ—Å–≤–µ—Ç–∏—Ç—å –¥–µ—Ç—Å–∫–∏–µ –ø–ª–æ—â–∞–¥–∫–∏;1
–ü–æ—á–µ–º—É –≤—Å–µ –±–ª–∞–≥–æ—É—Å—Ç—Ä–æ–π—Å—Ç–≤–∞ –ø—Ä–æ—Ö–æ–¥—è—Ç –≤–æ–∫—Ä—É–≥ –∞–¥–º–∏–Ω–∏—Å—Ç—Ä–∞—Ü–∏–∏. –ü—Ä–∞–∂—Å–∫–∞—è, –°–æ—Ñ–∏–π—Å–∫–∞—è, –ë—É—Ö–∞—Ä–µ—Å—Ç—Å–∫–∞—è‚Ä¶. –ü–æ—á–µ–º—É —Ç–∞–∫—É—é –∑–æ–Ω—É –Ω–µ —Å–¥–µ–ª–∞—Ç—å –≤ —Å–∫–≤–µ—Ä–µ –Ω–∞ —É–≥–ª—É –û–ª–µ–∫–æ –î—É–Ω–¥–∏—á–∞ –∏ –ö—É–ø—á–∏–Ω—Å–∫–æ–π? –ó–∞—á–µ–º. –ü—É—Å—Ç—å —á–µ–ª–æ–≤–µ–π–Ω–∏–∫–∏ —Å—Ç—Ä–æ—è—Ç.;1
–ü–æ–¥—Å–∫–∞–∂–∏—Ç–µ,–ø–æ–∂–∞–ª—É–π—Å—Ç–∞,–∞ —á—Ç–æ —Å –ø—É—Å—Ç—ã—Ä–µ–º —É –¥–æ–º–∞ –Ω–∞ –°–æ—Ñ–∏–π—Å–∫–æ–π 32?—Å—Ç–∞—Ä—É—é –ø–ª–æ—â–∞–¥–∫—É —É–±—Ä–∞–ª–∏ –¥–∞–≤–Ω–æ,–∞ –Ω–æ–≤—É—é –Ω–µ –ø–æ—Å—Ç–∞–≤–∏–ª–∏((((;0
–î–æ–±—Ä—ã–π –¥–µ–Ω—å! –ü–æ–¥—Å–∫–∞–∂–∏—Ç–µ –ø–æ–∂–∞–ª—É–π—Å—Ç–∞, –∞ –∫–æ–≥–¥–∞ –ø–ª–∞–Ω–∏—Ä—É—é—Ç—Å—è —Ä–∞–±–æ—Ç—ã –ø–æ –±–ª–∞–≥–æ—É—Å—Ç—Ä–æ–π—Å—Ç–≤—É –Ω–∞ –°–æ—Ñ–∏–π—Å–∫–æ–π 30 –∫–æ—Ä–ø—É—Å 1?! –ó–∞ –Ω–∞—à–µ–º –¥–æ–º–æ–º –ª–µ—Å! –°–≤–µ—Ç –≤ –æ–∫–Ω–∞ –Ω–µ –ø–æ–ø–∞–¥–∞–µ—Ç –∏–∑-–∑–∞ –∫—É—á–∏ –¥–µ—Ä–µ–≤—å–µ–≤, –∫–æ—Ç–æ—Ä—ã–µ —Ä–∞—Å—Ç—É—Ç –¥–æ –ø—è—Ç–æ–≥–æ —ç—Ç–∞–∂–∞! –ü–µ—Ä–µ–¥ –¥–æ–º–æ–º —Å–Ω–µ—Å–ª–∏ –¥–µ—Ç—Å–∫—É—é –ø–ª–æ—â–∞–¥–∫—É –¥–≤–∞ –≥–æ–¥–∞ –Ω–∞–∑–∞–¥ –∏ —Ç–∞–∫ –Ω–∏—á–µ–≥–æ –Ω–µ —Å–¥–µ–ª–∞–ª–∏. –ö—É–¥–∞ –ø–∏—Å–∞—Ç—å? –ö–æ–≥–æ –ø—Ä–æ—Å–∏—Ç—å??? –ù–∞ –Ω–∞—à–µ–π —Å—Ç–æ—Ä–æ–Ω–µ –°–æ—Ñ–∏–π—Å–∫–æ–π, –∫–∞–∫ –¥—Ä—É–≥–∞—è —Ä–µ—Å–ø—É–±–ª–∏–∫–∞! –ù–∏–∫—Ç–æ –Ω–∏—á–µ–≥–æ –Ω–µ –¥–µ–ª–∞–µ—Ç! –≠—Ç–æ —É–∂–µ –∫—Ä–∏–∫ –¥—É—à–∏!!!!;1
–¢–æ–ª—å–∫–æ –∞–¥—Ä–µ—Å –ë—É—Ö–∞—Ä–µ—Å—Ç—Å–∫–∞—è 94/1 üôÇ;0
–î–æ–±—Ä—ã–π –¥–µ–Ω—å! –ê –µ—Å—Ç—å –Ω–æ–≤–æ—Å—Ç–∏ –ø—Ä–æ –æ—Å–≤–µ—â–µ–Ω–∏–µ —É –¥–æ–º–∞ –°–ª–∞–≤—ã, 64? –ü–∏—Å–∞–ª–∏, —á—Ç–æ —Ç–æ –ª–∏ –ø—Ä–æ–µ–∫—Ç–∏—Ä—É—é—Ç, —Ç–æ –ª–∏ —Å—Ç—Ä–æ–∏—Ç—å —Å–æ–±–∏—Ä–∞—é—Ç—Å—è.;0
–¢–∞–∫–∏–º–∏ —Ç–µ–º–ø–∞–º–∏ –º–æ–∂–µ—Ç –∏ –Ω–∞ –°–æ—Ñ–∏–π—Å–∫–æ–π 35 –∫–æ–≥–¥–∞-–Ω–∏–±—É–¥—å –ø–ª–æ—â–∞–¥–∫–∞ –ø–æ—è–≤–∏—Ç—Å—è üòÉ;0
–í—á–µ—Ä–∞ –≤–µ—á–µ—Ä–æ–º –∑–∞–º–µ—Ç–∏–ª–∏, —á—Ç–æ —Å–æ—Å–µ–¥–Ω—è—è –ø–ª–æ—â–∞–¥–∫–∞ ( –∑–∞ —É–Ω–∏–≤–µ—Ä—Å–∞–º–æ–º –≤ —Å—Ç–æ—Ä–æ–Ω—É –ü—Ä–∞–∂—Å–∫–æ–π)  –æ—Ç–Ω—ã–Ω–µ –ø—É—Å—Ç—É–µ—Ç, –æ—Ç —Å–ª–æ–≤–∞ —Å–æ–≤—Å–µ–ºüòä –í–µ—Å—å –Ω–∞—Ä–æ–¥ —É –Ω–∞—Å –≤–æ –¥–≤–æ—Ä–µü§ó;0
–ê –¥–æ—Ä–æ–∂–∫–∏ –∫ 201 —à–∫–æ–ª–µ –Ω–∞ –¢—É—Ä–∫—É –ø–ª–∞–Ω–∏—Ä—É—é—Ç—Å—è? –ü–æ–º–Ω–∏—Ç—Å—è, –∫–∞–∫-—Ç–æ –ø–æ–∫–∞–∑—ã–≤–∞–ª–∏ –ø—Ä–æ–µ–∫—Ç.;0
–û—Ç—Å—ã–ø—å—Ç–µ —É–∂–µ –Ω–∞–∫–æ–Ω–µ—Ü –µ—Å–ª–∏ –Ω–µ –≤—Å—é –¥–æ—Ä–æ–∂–∫—É, —Ç–æ —Ö–æ—Ç—å –ø–µ—Ä–µ—Ö–æ–¥ –∏–∑ –ê–± –≤ –ø–µ—Å—á–∞–Ω—É—é, –≤ —Ç–æ—Ä—Ü–µ —Ç—É—Ä–∫—É 22-1 –∫ –¥–µ—Ç—Å–∫–æ–π –ø–ª–æ—â–∞–¥–∫–µ. –¢–∞–º –æ–¥–∏–Ω –∏–∑ –Ω–µ–º–Ω–æ–≥–∏—Ö –≤—ã—Ö–æ–¥–æ–≤ —Å–æ –¥–≤–æ—Ä–∞, –¥–µ—Ç–∏ —Ö–æ–¥—è—Ç –≤ —à–∫–æ–ª—É.;1
–û—á–µ–Ω—å –∫–ª–∞—Å—Å–Ω–æ! –ê –Ω–∞ —Å–æ—Ñ–∏–π—Å–∫–æ–π 57 –∫–æ–≥–¥–∞ –±—É–¥–µ—Ç —Ç–∞–∫–∞—è –∂–µ –ø–ª–æ—â–∞–¥–∫–∞?;0
–ö–æ–≥–¥–∞ –ø–æ—è–≤–∏—Ç—å—Å—è –Ω–æ–≤–∞—è —Å–æ–≤—Ä–µ–º–µ–Ω–Ω–∞—è –ø–ª–æ—â–∞–¥–∫–∞ –ø–æ –∞–¥—Ä–µ—Å—É –¢—É—Ä–∫—É 22/5? –í –ø—Ä–æ—à–ª–æ–º –≥–æ–¥—É –¥–∞–∂–µ –ø—Ä–æ–µ–∫—Ç –ø–æ–∫–∞–∑—ã–≤–∞–ª–∏.;1
–°–ª–∞–≤—ã 51 –∫ –Æ–∂–Ω–æ–º—É —à–æ—Å—Å–µ –Ω–µ –∑–∞–±—É–¥—å—Ç–µ, –ø–æ–∂–∞–ª—É–π—Å—Ç–∞;0
–ù—É, –∫–∞–∫ –≤—Å–µ–≥–¥–∞! –î–æ–∂–¥–∏ –≤ –ü–∏—Ç–µ—Ä–µ –Ω–∞—á–∞–ª–∏—Å—å —Å–æ–≤–µ—Ä—à–µ–Ω–Ω–æ –Ω–µ–æ–∂–∏–¥–∞–Ω–Ω–æ. –¢–∞–∫-–∂–µ –∫–∞–∫ –∏ –≤ —Å–ª—É—á–∞–µ –æ—Å—Ñ–∞–ª—å—Ç–∞ –≤–æ –¥–≤–æ—Ä–µ –°–æ—Ñ–∏–π—Å–∫–æ–π –±—É–¥—É—Ç –∫–ª–∞—Å—Ç—å –≤ –ª—É–∂–∏? –ò–ª–∏ –∂–¥–∞—Ç—å –ª–µ—Ç–∞?;1
–ê –Ω–∞ –¢—É—Ä–∫—É 22 –∫–æ—Ä–ø.4 –Ω–µ –ø–ª–∞–Ω–∏—Ä—É–µ—Ç—Å—è –ø–æ—Å—Ç–∞–≤–∏—Ç—å —Å—Ç–æ–ª–±–∏–∫–∏ —É —Ç—Ä–∞–Ω—Å—Ñ–æ—Ä–º–∞—Ç–æ—Ä–Ω–æ–π –±—É–¥–∫–∏? –ê —Ç–æ –Ω–µ—Å–∫–æ–ª—å–∫–æ —Ä–∞–∑ –≤ –Ω–µ–¥–µ–ª—é –ø–∞—Ä–∫—É—é—Ç –Ω–∞ –≥–∞–∑–æ–Ω–µ –≥—Ä—É–∑–æ–≤–∏–∫.;1
–ó–¥—Ä–∞–≤—Å—Ç–≤—É–π—Ç–µ, –ø–æ–¥—Å–∫–∞–∂–∏—Ç–µ –∫—É–¥–∞ –ø–∏—Å–∞—Ç—å –∏–ª–∏ –∑–≤–æ–Ω–∏—Ç—å –ø–æ –ø–æ–≤–æ–¥—É —è–º –ø–æ 15 —Å–º –≥–ª—É–±–∏–Ω–æ–π –≤–æ –¥–≤–æ—Ä–µ? –ü—É—Å—Ç—å —Ç–æ–∂–µ —Ö–æ—Ç—è –±—ã —è–º–æ—á–Ω—ã–π —Ä–µ–º–æ–Ω—Ç —Å–¥–µ–ª–∞—é—Ç. –£–ª–∏—Ü–∞ –¢—É—Ä–∫—É;1
–í–æ–ø—Ä–æ—Å –æ—Ç –ø–æ–¥–ø–∏—Å—á–∏–∫–∞ –∏–∑ –î–∞—á–Ω–æ–≥–æ: –∞ —á—Ç–æ, —Ç–∞–∫ –º–æ–∂–Ω–æ –±—ã–ª–æ ü§£?;0
–ï—â—ë –±—ã —Å–∫–≤–æ–∑–Ω–æ–π –ø—Ä–æ–µ–∑–¥ –¥–æ –°–ª–∞–≤—ã 64 —Å–¥–µ–ª–∞—Ç—å, –∏ –ø–æ–≥–∞–Ω—ã–π –≤–∞–∑–æ–Ω –∏–∑ –∞—Ä–∫–∏ –°–æ—Ñ–∏–π—Å–∫–æ–π 48–∫1 —É–±—Ä–∞—Ç—å, –∏ –≤—ä–µ–∑–¥/–≤—ã–µ–∑–¥ —Ä–∞–∑–ª–æ—á–∏—Ç—å...;1
–ê —Ç—Ä–æ–ø–∏–Ω–∫–∞ –Ω–∞ –§–∞—Ä—Ñ–æ—Ä–æ–≤—Å–∫—É—é  —Ç–∞–∫ –∏ –Ω–µ –æ—Å–≤–µ—â–µ–Ω–∞, —Ö–æ—Ç—è –æ–±–µ—â–∞–ª–∏ , –∫–æ–≥–¥–∞ –±–ª–∞–≥–æ—É—Å—Ç—Ä–∞–∏–≤–∞–ª–∏ ,–ø–æ —Ç–∞–∫–æ–º—É –∂–µ –ø–ª–∞–Ω—É –∏ —Å—Ç–æ–ª–±—ã —Å—Ç–æ—è—Ç, –∞ —Å–≤–µ—Ç–∞ –Ω–µ—Ç;1
–ò–Ω—Ç–µ—Ä–µ—Å–Ω–æ –∫–æ–≥–¥–∞ –∑–∞–π–º—É—Ç—Å—è –¥–µ—Ç—Å–∫–æ–π –ø–ª–æ—â–∞–¥–∫–æ–π –Ω–∞ –¢—É—Ä–∫—É 22 –∫5. –ù–∞—Å—Ç–æ—è—â–∞—è –ø–æ–º–æ–π–∫–∞.;1
–ù–∞ —Å–æ—Ñ–∏–π—Å–∫–æ–π 35/8 –∫–æ–≥–¥–∞ –∞–ø–≥—Ä–µ–π–¥ –±—É–¥–µ—Ç? –ò–ª–∏ —É–∂–µ –Ω–∏–Ω–∞–¥–∞??;0
–ê –≤–æ –¥–≤–æ—Ä–µ –¢—É—Ä–∫—É 20 —Ä–µ–Ω–æ–≤–∞—Ü–∏—è –ø–ª–æ—â–∞–¥–∫–∏ –±—É–¥–µ—Ç?;1
–ë–∞—Ä–∞–±–∞–Ω-—à–æ—É ¬´–û—Ä–∫–µ—Å—Ç—Ä–∞ –¥—É—Ö–æ–≤—ã—Ö –∏ —É–¥–∞—Ä–Ω—ã—Ö –∏–Ω—Å—Ç—Ä—É–º–µ–Ω—Ç–æ–≤ ¬´–Æ–Ω–≥–∞¬ª | –°–∞–Ω–∫—Ç-–ü–µ—Ç–µ—Ä–±—É—Ä–≥, –ü—Ä–æ—Å–ø–µ–∫—Ç –°–ª–∞–≤—ã;0
—É –Ω–∞—Å –≤–æ–æ–±—â–µ —Ç–æ–ª—å–∫–æ –±–æ–ª—å—à–∏–µ –¥—ã—Ä—ã –∑–∞–¥–µ–ª–∞–ª–∏. –∞ —á—Ç–æ –ø–æ–º–µ–Ω—å—à–µ –æ—Å—Ç–∞–≤–∏–ª–∏. –°–ª–∞–≤–∞ 40;1
"–ê —É –¥–æ—Ä–æ–≥–∏ –Ω–∞ –§–∞—Ä—Ñ–æ—Ä–æ–≤—Å–∫–æ–π, –∫–æ—Ç–æ—Ä–∞—è –Ω–∞ –°–æ—Ñ–∏–π—Å–∫—É—é –≤—ã—Ö–æ–¥–∏—Ç —É –¥–æ–º–∞ ""—Ç–æ—á–∫–∏"" –Ω–∞–≤–µ—Ä–Ω–æ 38, –∫–æ—Ç–æ—Ä—ã–π —É –±–∞—Å—Å–µ–π–Ω–∞ –û–ª–∏–º–ø. –ê—Å—Ñ–∞–ª—å—Ç–∞ –Ω–µ—Ç –≤–æ–æ–±—â–µ, –∑–∞—Å—ã–ø–∞–ª–∏ —â–µ–±–Ω–µ–º, –Ω–æ —Ç–∞–º —Ç–∞–∫–∏–µ –±—É–≥—Ä—ã, –µ–∑–¥–∏—Ç—å –Ω–µ –≤–æ–∑–º–æ–∂–Ω–æ";1
"5. –¢–ï–•–ù–ò–ö–ê –ë–ï–ó–û–ü–ê–°–ù–û–°–¢–ò –ò –û–•–†–ê–ù–ê –¢–†–£–î–ê .... –ú–µ—Å—Ç–æ –ø—Ä–æ–∏–∑–≤–æ–¥—Å—Ç–≤–∞ —Ä–∞–±–æ—Ç –æ–≥—Ä–∞–¥–∏—Ç—å –∫–æ–Ω—É—Å–∞–º–∏ –ª–∏–±–æ —à—Ç–∞–∫–µ—Ç–Ω—ã–º–∏ –±–∞—Ä—å–µ—Ä–∞–º–∏ –æ–±–ª–µ–≥—á–µ–Ω–Ω–æ–≥–æ —Ç–∏–ø–∞, –≤–µ—Ö–∞–º–∏ –∏–ª–∏ —Å—Ç–æ–π–∫–∞–º–∏ (–ü—Ä–∏–ª–æ–∂–µ–Ω–∏–µ 4). –£—Å—Ç–∞–Ω–æ–≤–∏—Ç—å –¥–æ—Ä–æ–∂–Ω—ã–µ —Å–∏–≥–Ω–∞–ª—å–Ω—ã–µ –∑–Ω–∞–∫–∏ –Ω–∞ —Ä–∞—Å—Å—Ç–æ—è–Ω–∏–∏ 10 –º –æ—Ç –º–µ—Å—Ç–∞ –ø—Ä–æ–∏–∑–≤–æ–¥—Å—Ç–≤–∞ —Ä–∞–±–æ—Ç. –ü—Ä–∏ —ç—Ç–æ–º, —Å–ª–µ–¥—É–µ—Ç —Ä—É–∫–æ–≤–æ–¥—Å—Ç–≤–æ–≤–∞—Ç—å—Å—è ""–ò–Ω—Å—Ç—Ä—É–∫—Ü–∏–µ–π –ø–æ –æ–≥—Ä–∞–∂–¥–µ–Ω–∏—é –º–µ—Å—Ç –ø—Ä–æ–∏–∑–≤–æ–¥—Å—Ç–≤–∞ —Ä–∞–±–æ—Ç –≤ —É—Å–ª–æ–≤–∏—è—Ö —É–ª–∏—á–Ω–æ–≥–æ –¥–≤–∏–∂–µ–Ω–∏—è"", —É—Ç–≤. –ú–ö–• –†–°–§–°–†. –£–∫–∞–∑–∞–ª –Ω–∞ —ç—Ç–æ –≤—á–µ—Ä–∞ –∫–∞–∫ —Ä–∞–±–æ—á–∏–º, —Ç–∞–∫ –∂–µ –∑–≤–æ–Ω–∏–ª –≤ –ú–û :) –æ–±–µ—â–∞–ª–∏ –∂–µ —É—Å—Ç—Ä–∞–Ω–∏—Ç—å –Ω–∞—Ä—É—à–µ–Ω–∏–µ, –Ω–æ –ø–æ–¥—Ä—è–¥—á–∏–∫ –ø—Ä–æ–¥–æ–ª–∂–∞–µ—Ç —Ä–∞–±–æ—Ç–∞—Ç—å —Å –Ω–∞—Ä—É—à–µ–Ω–∏—è–º–∏ üòê —ç—Ç–∞ —Ä–∞–±–æ—Ç–∞ –≤–æ –≤—Å–µ—Ö –¥–≤–æ—Ä–∞—Ö –Ω–∞—à–µ–≥–æ –ú–û - —ç—Ç–∏ –Ω–∞—Ä—É—à–µ–Ω–∏—è –∏ ""–∫–∞—á–µ—Å—Ç–≤–æ"" —Ä–∞–±–æ—Ç—ã –ø–æ—Ä—Ç–∏—Ç –≤–µ—Å—å –∏–º–∏–¥–∂ –Ω–∞—à–µ–π –º—É–Ω–∏—Ü–∏–ø–∞–ª—å–Ω–æ–π –∞–¥–º–∏–Ω–∏—Å—Ç—Ä–∞—Ü–∏–∏ .";0
–ë–ª–∞–≥–æ–¥–∞—Ä—é, —á—Ç–æ —Å–¥–µ–ª–∞–ª–∏ —è–º–æ—á–Ω—ã–π —Ä–µ–º–æ–Ω—Ç —É –¥–æ–º–æ–≤ –Æ–∂–Ω–æ–µ —à–æ—Å—Å–µ 56,64 –∏ 60,66. –ï—â–µ –±—ã —Ç–∞–º –Ω–µ —Å—Ç–∞–≤–∏–ª–∏ —à–ª–∞–≥–±–∞—É–º—ã, —Ç–æ–≥–¥–∞ —Å–æ–≤—Å–µ–º –∫—Ä–∞—Å–æ—Ç–∞;0
–£ –¥–æ–º–∞ –Ω–∞ –ë–µ–ª–≥—Ä–∞–¥—Å–∫–æ–π 22 –∫ 1 –∫–æ–≥–¥–∞ —è–º—ã —Ö–æ—Ç—è –±—ã –∑–∞–¥–µ–ª–∞—é—Ç? –ü—Ä–æ –Ω–æ–≤—ã–π –∞—Å—Ñ–∞–ª—å—Ç —É–∂ –º–æ–ª—á—É;0
–ë–∞—Ä–∞–±–∞–Ω-—à–æ—É ¬´–û—Ä–∫–µ—Å—Ç—Ä–∞ –¥—É—Ö–æ–≤—ã—Ö –∏ —É–¥–∞—Ä–Ω—ã—Ö –∏–Ω—Å—Ç—Ä—É–º–µ–Ω—Ç–æ–≤ ¬´–Æ–Ω–≥–∞¬ª | –°–∞–Ω–∫—Ç-–ü–µ—Ç–µ—Ä–±—É—Ä–≥, –ü—Ä–æ—Å–ø–µ–∫—Ç –°–ª–∞–≤—ã;0
–°–æ—Ñ–∏–π—Å–∫–∞—è 42 –∫.2 —Ç–æ–∂–µ –ª–µ–∂–∏—Ç –¥–µ—Ä–µ–≤–æ —Å —É—Ç—Ä–∞üòé;0
–¢—É—Ä–∫—É 12 –∫ 2 –∑–∞ –¥–æ–º–æ–º —É–±–µ—Ä–∏—Ç–µ –ø–æ–∂–∞–ª—É–π—Å—Ç–∞;1
–ù–∞ —Ö—Ä–µ–Ω–∞ –Ω—É–∂–µ–Ω –º–æ—Å—Ç –Ω–∞ –ì–∞–º–±—É—Ä–≥—Å–∫–æ–π –ø–ª–æ—â–∞–¥–∏.–õ—É—á—à–µ –±—ã —Å–¥–µ–ª–∞–ª–∏ –ø–æ–¥–∑–µ–º–Ω—ã–π –ø–µ—Ä–µ—Ö–æ–¥ –≤–º–µ—Å—Ç–æ –∫—Ä–∞–±–∞ –Ω–∞ –ø–µ—Ä–µ–∫—Ä–µ—Å—Ç–∫–µ –°–ª–∞–≤—ã –∏ –ë—É–¥–æ–ø–µ—à—Å—Ç–∫–æ–π.;0
–¶–µ–Ω—Ç—Ä —Ñ–∏–∑–∫—É–ª—å—Ç—É—Ä—ã –∏ —Å–ø–æ—Ä—Ç–∞ –≤–∞–∞—â–µ –º–æ–ª–æ–¥—Ü—ã –∏ –Ω–∞–º –≤–ø–∏—Ö–Ω—É–ª–∏ –≤ –∫–æ–ª–æ–¥–µ—Ü —ç—Ç–æ —á—É–¥–æ –∏ —Å–≤–µ—Ç –ø–æ–¥–≤–µ–ª–∏, —á—Ç–æ–±—ã –∫—Ä—É–≥–ª–æ—Å—É—Ç–æ—á–Ω–æ —Å–ª—É—à–∞—Ç—å, –°–æ—Ñ–∏–π—Å–∫–∞—è 29;0
–ê –∫–æ–≥–¥–∞ —Å–¥–µ–ª–∞—Ç—å –Ω–∞ –æ–∫–æ–ª–æ –î–∏–º–∏—Ç—Ä–æ–≤–∞ –∏ –ö—É–ø—á–∏–Ω–æ –¥–æ–º 7 –∫–æ—Ä–ø—É—Å 1 –≤–æ –¥–≤–æ—Ä–∞—Ö –ø–ª–æ—â–∞–¥–∫–∞ –µ—Å—Ç—å —Ç–∞–º –ø–µ—Å–æ–∫ –Ω–µ –∑–∞—Å—ã–ø–∞—Ç—å –ø–ª–æ—â–∞–¥–∫–µ –Ω–µ–º–Ω–æ–∂–∫–æ –ø–æ—Ä—è–¥–æ–∫ –Ω–∞ –ø–ª–æ—â–∞–¥–∫–µ —Å–¥–µ–ª–∞–ª–∏ –ø–æ–∫—Ä–∞—Å–∏–ª–∏ –æ—á–µ–Ω—å –ø—Ä–æ—Å–∏–º –≤–∞—Å;1
–°–ø–∞—Å–∏–±–æ –±–æ–ª—å—à–æ–µ –∑–∞ —ç–∫—Å–∫—É—Ä—Å–∏–∏ –ø–æ —Ä–µ–∫–∞–º –∏ –∫–∞–Ω–∞–ª–∞–º! –ù–∞–º —Å –º—É–∂–µ–º –ø–æ—Å—á–∞—Å—Ç–ª–∏–≤–∏–ª–æ—Å—å 23 –∏—é–ª—è –ø–æ–±—ã–≤–∞—Ç—å –Ω–∞ –Ω–µ–π! –ù–µ –ø–µ—Ä–µ—Å—Ç–∞—ë–º  –ª—é–±–æ–≤–∞—Ç—å—Å—è –∏ –≤–æ—Å—Ö–∏—â–∞—Ç—å—Å—è –Ω–∞—à–∏–º –ª—é–±–∏–º—ã–º –≥–æ—Ä–æ–¥–æ–º! –ê –±–æ–Ω—É—Å–æ–º –Ω–∞—à–µ–π —ç–∫—Å–∫—É—Ä—Å–∏–∏, –±—ã–ª–∏ –≤–æ–µ–Ω–Ω—ã–µ –∫–æ—Ä–∞–±–ª–∏ –Ω–∞ –ù–µ–≤–µ, –≤–æ–∫—Ä—É–≥ –∫–æ—Ç–æ—Ä—ã—Ö –Ω–∞—Å –ø—Ä–æ–∫–∞—Ç–∏–ª–∏ –∏ –º—ã –ø–æ—á—É–≤—Å—Ç–≤–æ–≤–∞–ª–∏ –º–æ—â—å –Ω–∞—à–µ–≥–æ —Ñ–ª–æ—Ç–∞!;0
"–ù–æ –≤ —Å–∫–≤–µ—Ä–µ –Ω–∞ –ü—Ä–∞–∂—Å–∫–æ–π –∑–∞—á–µ–º-—Ç–æ —Å–∫–æ—Å–∏–ª–∏ —Ä–æ–º–∞—à–∫–∏. –¢–∞–∫ –∫–æ–Ω–µ—á–Ω–æ ""–∫—Ä–∞—Å–∏–≤–µ–µ"":";0
–û–±—è–∑–∞—Ç–µ–ª—å–Ω–æ –ø—Ä–æ–π–¥–∏—Ç–µ—Å—å –ø–æ –Ω–∞–±–µ—Ä–µ–∂–Ω–æ–π –ú–æ–π–∫–∏ –≤–¥–æ–ª—å –ú–∏—Ö–∞–π–ª–æ–≤—Å–∫–æ–≥–æ –ø–∞—Ä–∫–∞ —Å–æ —Å—Ç–æ—Ä–æ–Ω—ã –ú–∞—Ä—Å–æ–≤–æ –ø–æ–ª—è –ò –Ω–µ–º–Ω–æ–≥–æ —Å–ø–æ–π–ª–µ—Ä–∞);0
–ö—É—Å—Ç—ã –Ω–∞ –¥–µ—Ç—Å–∫–æ–π –ø–ª–æ—â–∞–¥–∫–µ –°–æ—Ñ–∏–π—Å–∫–∞—è –¥–æ–º 20/4 –∏ 20/3 –∑–∞—Ä–æ—Å–ª–∏ —Å–æ—Ä–Ω—è–∫–∞–º–∏ , –ø–æ–∂–∞–ª—É–π—Å—Ç–∞ –ø—Ä–æ–ø–æ–ª–∏—Ç–µ —Ç–æ–∂–µ;1
–ê –ø–æ –ø–æ–≤–æ–¥—É –¥–µ—Ç—Å–∫–æ–π –ø–ª–æ—â–∞–¥–∫–∏ –º–µ–∂–¥—É –°–æ—Ñ–∏–π—Å–∫–æ–π 38 –∫. 1 –∏ 38 –∫. 2, –∫–æ—Ç–æ—Ä—É—é —Å–Ω–µ—Å–ª–∏ –≤ 2020, –ø–∏—Å–∞–ª–∏, —á—Ç–æ –±—ã–ª–∞ –≤ –∞–≤–∞—Ä–∏–π–Ω–æ–º —Å–æ—Å—Ç–æ—è–Ω–∏–∏ –∏ –≤ 2022 –ø–æ—Å—Ç—Ä–æ—è—Ç, –µ—Å—Ç—å –∏–Ω—Ñ–æ—Ä–º–∞—Ü–∏—è?;1
–ü–∞–≤–µ–ª, –∞ –µ—Å—Ç—å –ª–∏ –∫–∞–∫–∞—è-—Ç–æ –∏–Ω—Ñ–æ—Ä–º–∞—Ü–∏—è, –±—É–¥–µ—Ç –ª–∏ –Ω–µ–∫–∞—è –∫–æ–º–ø–µ–Ω—Å–∞—Ü–∏—è –¥–ª—è —Ç–µ—Ö, –∫—Ç–æ —Ç–æ–ª—å–∫–æ —á—Ç–æ —Ä–µ–º–æ–Ω—Ç –∫–∞–ø–∏—Ç–∞–ª—å–Ω—ã–π —Å–¥–µ–ª–∞–ª?  –ú—ã –Ω–µ–º–Ω–æ–≥–æ —à–æ–∫–∏—Ä–æ–≤–∞–Ω—ã —Å–∫–æ—Ä–æ—Å—Ç—å—é —Ä–∞—Å–ø—Ä–æ—Å—Ç—Ä–∞–Ω–µ–Ω–∏—è –ø—Ä–æ–≥—Ä–∞–º–º—ã‚Ä¶–±—É–∫–≤–∞–ª—å–Ω–æ –≤—á–µ—Ä–∞ –ø–æ–ª—É—á–∏–ª–∏ —É–≤–µ–¥–æ–º–ª–µ–Ω–∏–µ –æ —Ä–∞—Å—Å–µ–ª–µ–Ω–∏–∏. –ê —Ä–∞–π–æ–Ω –¥–∞–ª–µ–∫–æ –Ω–µ —Ç–æ—Ç, —Å –∫–æ—Ç–æ—Ä—ã—Ö –æ–±–µ—â–∞–ª–∏ –Ω–∞—á–∞—Ç—å.  –ê –ß—ë—Ä–Ω–∞—è —Ä–µ—á–∫–∞. –û—á–µ–Ω—å –Ω–∞–¥–µ–µ–º—Å—è, —á—Ç–æ –æ–±—â–∏–º–∏ —Å–∏–ª–∞–º–∏ –¥–æ–º–∞ –∏—Å–∫–ª—é—á–∏–º –Ω–∞—à –∏–∑ –ø—Ä–æ–≥—Ä–∞–º–º—ã, –Ω–æ —Ö–æ—á–µ—Ç—Å—è –≤—Å—ë —Ä–∞–≤–Ω–æ –∏–º–µ—Ç—å –ø–æ–Ω–∏–º–∞–Ω–∏–µ, —á—Ç–æ –±—É–¥–µ—Ç, –µ—Å–ª–∏ –≤–¥—Ä—É–≥ –Ω–µ –ø–æ–ª—É—á–∏—Ç—Å—è‚Ä¶;1
–ù—É –æ—á–µ–Ω—å –≤–æ—Ç –æ–±–∏–¥–Ω–æ, —á—Ç–æ –ë–µ–ª—ã –ö—É–Ω–∞ 26 –∫ 1,2,3,4 –Ω–µ –ø–æ–ø–∞–¥–∞–µ—Ç –ø–æ–¥ –ú–û üò≠üò≠üò≠–º—ã –≤—Å–µ–≥–æ –ª–∏—à—å —á–µ—Ä–µ–∑ –¥–æ—Ä–æ–≥—É, –∞ —Ç–æ–∂–µ —Ö–æ—Ç–∏–º —ç–∫—Å–∫—É—Ä—Å–∏–∏;0
–ù–∞ –ì–ª–∞–¥–∫–æ–≤–∞ —É –º—É–∑ —à–∫–æ–ª—ã;0
–ü—Ä—è–º–æ —Å–µ–π—á–∞—Å —Å—Ç—Ä–∏–≥—É—Ç –Ω–∞ –ø—Ä–∞–∂—Å–∫–æ–π 17;0
–°–æ—Ñ–∏–π—Å–∫–∞—è. –û–±—Ä–∞—Ç–∏—Ç–µ –≤–Ω–∏–º–∞–Ω–∏–µ- —á—Ç–æ –Ω–µ —Å–∫–æ—à–µ–Ω–æ –∑–µ–ª–µ–Ω–µ–µ—Ç.;1
–î–æ–±—Ä—ã–π –≤–µ—á–µ—Ä! –î–≤–æ—Ä –¥–æ–º–∞ –¢—É—Ä–∫—É 22 –∫4 –≤—Ö–æ–¥–∏—Ç –≤ —è–º–æ—á–Ω—ã–π —Ä–µ–º–æ–Ω—Ç?;0
"–°–æ—Ñ–∏–π—Å–∫–∞—è 31. –†–∞–Ω–æ –∑–∞–∫—Ä—ã–≤–∞—Ç—å –Ω–∞—Ä—è–¥ ""–æ –ø—Ä–æ–≤–µ–¥–µ–Ω–Ω–æ–º —è–º–æ—á–Ω–æ–º —Ä–µ–º–æ–Ω—Ç–µ"".";0
–°–æ—Ñ–∏–π—Å–∫–∞—è 33/1. –¢–∞ –∂–µ –∏—Å—Ç–æ—Ä–∏—è ...;0
–ú–µ–∂–¥—É –¥–æ–º–æ–º –ø–æ –°–æ—Ñ–∏–π—Å–∫–æ–π 53 –∏ –¥–µ—Ç—Å–∫–∏–º —Å–∞–¥–æ–º —Ç–æ–∂–µ —á—Ç–æ-—Ç–æ –∂—É—Ç–∫–æ–≤–∞—Ç–æ–µ –ø—Ä–æ–∏–∑–æ—à–ª–æ - –ø—è—Ç–Ω–∞ –≥–æ—Ä–µ–ª—å—â–∏–Ω—ã;1
"""–°–ø–∞—Å–∏–±–æ"" –∑–∞ —Ç–∞–∫—É—é ""–∑–µ–º–ª—é""! –ú—ã —Ç–æ–∂–µ –≤—ã–∑—ã–≤–∞–ª–∏ –ø–æ–∂–∞—Ä–Ω—ã—Ö —É –°–æ—Ñ–∏–π—Å–∫–æ–π —É–ª, –¥. 35";0
–¢–∞–∫–æ–π –∂–µ –≤–æ–ø—Ä–æ—Å. –ö–æ–≥–¥–∞ –±—É–¥–µ—Ç –ø–ª–æ—â–∞–¥–∫–∞ –Ω–∞ –°–æ—Ñ–∏–π—Å–∫–æ–π 55???;1
–¢—É—Ä–∫—É 26 –∫ 2 —Ç–æ–∂–µ —Ö–æ—Ç–µ–ª–æ—Å—å –±—ã –ø–ª–æ—â–∞–¥–∫—É;1
–¢–æ–∂–µ –≤–æ–ø—Ä–æ—Å, –∑–∞—á–µ–º —Å–Ω–µ—Å–ª–∏ —Å—Ç–∞—Ä—ã–µ –ø–ª–æ—â–∞–¥–∫–∏ (–≤–æ –¥–≤–æ—Ä–µ –ë–µ–ª—ã –ö—É–Ω–∞ 18, –≤ –Ø–±–ª–æ–Ω–µ–≤–æ–º —Å–∞–¥—É), –µ—Å–ª–∏ –Ω–æ–≤—ã–µ –Ω–µ —Å—Ç–∞–≤—è—Ç?;0
–ê –≤–æ –¥–≤–æ—Ä–µ –°–æ—Ñ–∏–π—Å–∫–æ–π 31 –ø–æ—á–µ–º—É –Ω–∏—á–µ–≥–æ –Ω–µ —Å—Ç—Ä–æ–∏—Ç—Å—è, –ø–æ–ª–µ –±–æ–ª—å—à–æ–µ, –ø–ª–æ—â–∞–¥–∫—É –¥–µ—Ç—Å–∫—É—é, —Å–ø–æ—Ä—Ç–∏–≤–Ω—É—é –ø–ª–æ—â–∞–¥–∫—É –≤—Å–µ –±—ã –ø–æ–º–µ—Å—Ç–∏–ª–æ—Å—å. –£ –Ω–∞—Å —Ç—É—Ç, —á—Ç–æ –ø—Ä–æ–∫–ª—è—Ç–æ–µ –º–µ—Å—Ç–æ –∫–∞–∫–æ–µ —Ç–æ? –°–∫–∞–º–µ–µ–∫ –Ω–µ—Ç, –Ω–∏—á–µ–≥–æ –Ω–µ—Ç.;1
–ë–µ–ª—ã –∫—É–Ω–∞, 5;0
–ë—É—Ö–∞—Ä–µ—Å—Ç—Å–∫–∞—è 86, –∫–æ—Ä–ø. 1;0
–ü–æ–∂–µ–ª–∞–Ω–∏–µ –Ω–µ –Ω–∞—Å—á—ë—Ç –ø–æ–ª–∏—Ü–µ–π—Å–∫–∏—Ö, –∞ –∫–æ–Ω—É—Å–æ–≤, –ª–∏–±–æ —á–µ–≥–æ-—Ç–æ –µ—â—ë. –ü—Ä–∞–∂—Å–∫–∞—è 26, –ø—Ä–æ–µ–∑–¥ —Å–∑–∞–¥–∏ –º–∞–≥–∞–∑–∏–Ω–∞ –ø—è—Ç—ë—Ä–æ—á–∫–∞. –û—á–µ–Ω—å —á–∞—Å—Ç–æ –∑–¥–µ—Å—å —Ä–∞–∑–≥—Ä—É–∂–∞—é—Ç—Å—è –≥—Ä—É–∑–æ–≤–∏–∫–∏ –ø–æ–ø–µ—Ä—ë–∫ –ø—Ä–æ–µ–∑–¥–∞. –ê –∫–æ–≥–¥–∞ –∫—Ç–æ-—Ç–æ –ø–∞—Ä–∫—É–µ—Ç—Å—è –Ω–∞–ø—Ä–æ—Ç–∏–≤, —Ç–æ –º–∞—à–∏–Ω–∞–º –Ω–µ –ø—Ä–æ–µ—Ö–∞—Ç—å –≤–æ–æ–±—â–µ;1
–ï—â—ë –≤ –ø–ª–æ—Ö–æ–º —Å–æ—Å—Ç–æ—è–Ω–∏–∏ –ø–æ–ª–∏—Ü–µ–π—Å–∫–∏–µ –Ω–∞–ø—Ä–æ—Ç–∏–≤ –ø—Ä–∞–∂—Å–∫–æ–π 22 –ø–æ —Å–∞–º–æ–π —É–ª–∏—Ü–µ - –ø—Ä–∏ –ø—Ä–æ–µ–∑–¥–µ –¥–∞–∂–µ —Å –º–∏–Ω–∏–º–∞–ª—å–Ω–æ–π —Å–∫–æ—Ä–æ—Å—Ç—å—é –º–∞—à–∏–Ω—É —Å–∏–ª—å–Ω–æ –ø–æ–¥–±—Ä–∞—Å—ã–≤–∞–µ—Ç;1
–ú–µ–∂–¥—É 49 –∏ 53 –Ω–∞ –°–æ—Ñ–∏–π—Å–∫–æ–π –Ω–µ –Ω—É–∂–Ω–æ, —Ç–∞–º –º–µ–¥–ª–µ–Ω–Ω–æ –µ–∑–¥—è—Ç;0
–ü—Ä—è–º –ø–æ –∂–∏–≤–æ–º—É.... —É—Å—Ç–∞–ª–∞ üò© –ª–∏—Ñ—Ç –º—ã—Ç—å –≤ –Ω–∞—à–µ–π –ø–∞—Ä–∞–¥–Ω–æ–π –°–æ—Ñ–∏–π—Å–∫–∞—è 57 —Ç–æ–ª—å–∫–æ –æ—Ç–º–æ—é, –≤—Å—ë –∏–∑—Ä–∏—Å—É—é—Ç, –ø–æ—Å–ª–µ–¥–Ω–∏–π —Ä–∞–∑ –∫—Ä–∞—Å–∫—É –≤—ã–ª–∏–ª–∏-—É–∂–µ –Ω–µ –æ—Ç–º—ã—Ç—å üò¢ –Ω—É –≤–æ—Ç –∫–∞–∫ —Ç–∞–∫? –†—É–∫–∏ –ø—Ä–æ—Å—Ç–æ –æ–ø—É—Å–∫–∞—é—Ç—Å—è... üòï;1
–î–æ–±—Ä—ã–π –¥–µ–Ω—å! –ü–æ–¥—Å–∫–∞–∂–∏—Ç–µ, –ø–æ–∂–∞–ª—É–π—Å—Ç–∞, –∫–∞–∫ –¥–æ–±–∏—Ä–∞—Ç—å—Å—è? –ê–≤—Ç–æ–±—É—Å –æ—Ç –ü—Ä–∞–∂—Å–∫–æ–π –∏–ª–∏ —Å–∞–º–æ—Å—Ç–æ—è—Ç–µ–ª—å–Ω–æ?;0
–î–≤–æ—Ä –Ω–∞ –¢—É—Ä–∫—É 8/1–≤–æ–æ–±—â–µ –º–≥–ª–∞;0
–≠—Ç–æ—Ç  –≥–∞–∑–æ–Ω –Ω–∞—Ö–æ–¥–∏—Ç—Å—è –Ω–∞–ø—Ä–æ—Ç–∏–≤ ,,–ó–ª–∞–∫–æ–≤–æ–≥–æ,, –ø–æ–ª—è....    –ê —á—Ç–æ –≤ —ç—Ç–æ–º –≥–æ–¥—É –Ω–∞ ,,–ó–ª–∞–∫–æ–≤–æ–º,, –ø–æ–ª–µ –ø–æ—Å–µ—è–Ω–æ?  –∏ –Ω–∞ –∫–ª—É–º–±–µ ,,–ü–µ—Å–æ—á–Ω–æ–π,, –Ω–∏ —á–µ–≥–æ –Ω–µ –≤–∑–æ—à–ª–æ?;0
–î–æ–±—Ä—ã–π –¥–µ–Ω—å, –ø—Ä–µ–¥–ø–æ–ª–∞–≥–∞–µ—Ç—Å—è –ª–∏ —Ä–µ–º–æ–Ω—Ç –¥–æ—Ä–æ–≥–∏ –≤–¥–æ–ª—å –¥–æ–º–∞ –ø–æ —É–ª–∏—Ü–µ –¢—É—Ä–∫—É 26 –∏ –¢—É—Ä–∫—É 26 –∫.2;0
–¢—É—Ä–∫—É 12 –∫ 2 —Ä—è–¥–æ–º –¥–µ—Ç—Å–∫–∞—è –ø–ª–æ—â–∞–¥–∫–∞ –æ–≥–æ—Ä–æ–¥–∏—Ç–µ –ø–æ–∂–∞–ª—É–π—Å—Ç–∞. –î–µ—Ç–∏ –º–∞–ª–µ–Ω—å–∫–∏–µ –±–µ–≥—É—Ç –Ω–∞ –¥–æ—Ä–æ–≥—É. –ü—Ä–æ—Å—è—Ç —Ä–æ–¥–∏—Ç–µ–ª–∏.;1
–û—á–µ–Ω—å –∂–¥—ë–º –¥–µ—Ç—Å–∫—É—é –ø–ª–æ—â–∞–¥–∫—É –≤–æ –¥–≤–æ—Ä–µ –¥–æ–º–∞ —Å–æ—Ñ–∏–π—Å–∫–∞—è 55;1
–°–æ—Ñ–∏–π—Å–∫–∞—è 34 –∫ 8 —É —Å–∞–¥–∞ 87 —Ç–æ–∂–µ —Å–Ω—è–ª–∏ –ø–ª–æ—â–∞–¥–∫—É 5 –ª–µ—Ç –Ω–∞–∑–∞–¥ –∞ –Ω–æ–≤—É—é –Ω–µ –ø–æ—Å—Ç—Ä–æ–∏–ª–∏;1
–¢–æ–∂–µ —Ö–æ—Ç–∏–º –¥–µ—Ç—Å–∫—É—é –ø–ª–æ—â–∞–¥–∫—É –º–µ–∂–¥—É –±—É—Ö–∞—Ä–µ—Å—Ç—Å–∫–∞—è 96 –∏ –°–ª–∞–≤—ã 40 !!!!üôè;1
–ù–∞ –¢—É—Ä–∫—É 20 –ö–æ–≥–¥–∞-–Ω–∏–±—É–¥—å —Å–¥–µ–ª–∞—é—Ç –ø–ª–æ—â–∞–¥–∫—É? –¢–∞–º –¥–∞–∂–µ –æ—Å–≤–µ—â–µ–Ω–∏—è –Ω–µ—Ç( –∏ —Å–æ–≤—Å–µ–º —Å–∫—É–¥–Ω—ã–µ –∫–∞—á–µ–ª–∏, –≥–æ—Ä–∫–∞üòî;1
–¢—É—Ä–∫—É 22 –∫–æ—Ä–ø—É—Å 5 —Ç–æ–∂–µ —Å–∞–º–æ–µ!! –ü–æ–∫–∞ –∫—Ç–æ-–Ω–∏–±—É–¥—å –Ω–µ –≤—ã–ø–∞–¥–µ—Ç –∏–∑ –æ–∫–Ω–∞ - –Ω–µ –∑–∞—á–µ—à—É—Ç—å—Å—è. –ó–∞—Ç–æ –∑–∞ –∫–∞–ø —Ä–µ–º–æ–Ω—Ç –¥–µ—Ä—É—Ç!!;1
"""–õ—É–≥–æ–≤–æ–π –≥–∞–∑–æ–Ω"" –Ω–∞ –¥–µ—Ç—Å–∫–æ–π –ø–ª–æ—â–∞–¥–∫–µ –î–∏–º–∏—Ç—Ä–æ–≤–∞, –¥–æ–º 3.";0
–ê –Ω–∞ –±—É–ª—å–≤–∞—Ä–µ –ø–æ —É–ª.–¢—É—Ä–∫—É –∫—Ç–æ –¥–æ–ª–∂–µ–Ω –≤—ã—Å–∞–∂–∏–≤–∞—Ç—å —Ü–≤–µ—Ç—ã?;0
–£ —Å–æ—Ñ–∏–π—Å–∫–æ–π 57 –µ—Å—Ç—å —Ç–∞–∫–æ–π –∂–µ —Å–∞–¥.  –†—É–∫–∏ –ø–æ –æ—Ç—Ä—ã–≤–∞—Ç—å –±—ã —Ç–æ–ª—å–∫–æ –≤—Å–µ –Ω–∏–∫–∞–∫ –ø–æ–π–º–∞—Ç—å –Ω–µ –º–æ–≥—É;0
–†–æ—Å—Å–∏–π—Å–∫–∏–π –ø—Ä–æ—Å–ø–µ–∫—Ç;0
–î–æ–±—Ä—ã–π –¥–µ–Ω—å!–ü—Ä–æ—Å—å–±–∞ –æ–±—Ä–∞—Ç–∏—Ç—å –≤–Ω–∏–º–∞–Ω–∏–µ –Ω–∞ –¥–æ—Ä–æ–≥—É –ë—É—Ö–∞—Ä–µ—Å—Ç—Å–∫–∞—è 94  –º–µ–∂–¥—É –∫–æ—Ä–ø—É—Å–∞–º–∏ 2 –∏ 3.–Ø–º–æ–∫ –æ–≥—Ä–æ–º–Ω–æ–µ –∫–æ–ª–∏—á–µ—Å—Ç–≤–æ.–°–ø–∞—Å–∏–±–æ;1
–ú–æ–∂–Ω–æ —É–∑–Ω–∞—Ç—å,–ø–ª–æ–¥–æ–≤—ã–π —Å–∞–¥ –±—É–¥—É—Ç –æ–±–ª–∞–≥–æ—Ä–∞–∂–∏–≤–∞—Ç—å? –í–æ–∑–º–æ–∂–Ω–æ –ª–∏ —Ç–∞–º –æ–±—É—Å—Ç—Ä–æ–π—Å—Ç–≤–æ —Å–∫–∞–º–µ–µ–∫,—É—Ä–Ω –∏ –Ω–µ–±–æ–ª—å—à–æ–π –¥–µ—Ç—Å–∫–æ–π –ø–ª–æ—â–∞–¥–∫–∏,–ø–µ—Å–æ—á–Ω–∏—Ü—ã? –£ –Ω–∞—à–µ–≥–æ –¥–æ–º–∞ –°–æ—Ñ–∏–π—Å–∫–∞—è 46 –∫–æ—Ä–ø—É—Å 2 –±—ã–ª–∞ –ø–ª–æ—â–∞–¥–∫–∞,–µ—ë —Å–Ω–µ—Å–ª–∏ –¥–∞–≤–Ω–æ,–Ω–æ–≤–æ–π –Ω–µ –ø–æ—Å—Ç–∞–≤–∏–ª–∏.  –ö—É–¥–∞ –º–æ–∂–Ω–æ –æ–±—Ä–∞—Ç–∏—Ç—å—Å—è ?;1
–ö–æ–≥–¥–∞ –∂–µ —Å–¥–µ–ª–∞—é—Ç –ø–ª–æ—â–∞–¥–∫—É –Ω–∞ –±—É–¥–∞–ø–µ—à—Ç—Å–∫–æ–π 110?;1
–ü—Ä–µ–∫—Ä–∞—Å–Ω–∞—è —Ä–∞–±–æ—Ç–∞: —Å —É—Ç—Ä–∞ –Ω–∞ —Å–≤–µ–∂–µ–º –≤–æ–∑–¥—É—Ö–µ 4 —á–∞—Å–∞, –Ω–æ–≤—ã–µ –∑–Ω–∞–∫–æ–º—Å—Ç–≤–∞, –≥–æ—Ä–¥–æ—Å—Ç—å –∑–∞ —Å–¥–µ–ª–∞–Ω–Ω–æ–µ –∏ –ª—é–±–æ–≤—å –∫ —Å–∫–≤–µ—Ä—É –Ω–∞ –¢—É—Ä–∫—É –≤ –Ω–∞—à–µ–º —Å–ª—É—á–∞–µ. –†–µ–±—ë–Ω–æ–∫ –¥–æ–≤–æ–ª–µ–Ω –±—ã–ª –¥–≤–∞ –≥–æ–¥–∞ –ø–æ–¥—Ä—è–¥. –ú–∞–º–∞ —Ç–æ–∂–µ, –∏–±–æ –ø–ª—é—Å—ã –Ω–∞–ª–∏—Ü–æ..;0
–°–≤–µ–∂–∏–µ –ø–æ–±–µ–≥–∏ –Ω–∞ –ø—Ä–∞–∂—Å–∫–æ–π —É–ª.;0
–ù–∞ –°–æ—Ñ–∏–π—Å–∫–æ–π —É–ª.;0
–ü—Ä–æ—Å–ø–µ–∫—Ç –°–ª–∞–≤—ã;0
–ë–µ–ª—ã –ö—É–Ω–∞;0
–ú–∞–ª–∞—è –ë—É—Ö–∞—Ä–µ—Å—Ç—Å–∫–∞—è;0
–¢—É—Ä–∫—É 32/4 —É —Ç—Ä–µ—Ç—å–µ–π –ø–∞—Ä–∞–¥–Ω–æ–π;0
–Ω–∞ –∫–∞–∫–æ–π —Å—Ç–æ—Ä–æ–Ω–µ –°–æ—Ñ–∏–π—Å–∫–æ–π?;0
–ù–∞ —á—ë—Ç–Ω–æ–π —Å—Ç–æ—Ä–æ–Ω–µ –°–æ—Ñ–∏–π—Å–∫–æ–π —É–ª–∏—Ü—ã.;0
–ø–ª–æ—â–∞–¥–∫–∏ –Ω–∞ —Å–æ—Ñ–∏–π—Å–∫–æ–π 38\2 40\2 –±—É–¥—É—Ç –Ω–µ —Ä–∞–Ω—å—à–µ —á–µ–º 2029;0
–û–±—Å—É–∂–¥–µ–Ω–∏–µ —Ä–∞–Ω–µ–µ –ø–æ–¥–≥–æ—Ç–æ—ã–ª–µ–Ω–Ω—ã—Ö –ø—Ä–æ–µ–∫—Ç–æ–≤ –Ω–∞ —è–∫–∏–Ω–æ–π —Å—Ç–æ—Ä–æ–Ω–µ –°–æ—Ñ–∏–π—Å–∫–æ–π.—á–µ–ª–æ–≤–µ–∫ —Ä—É—Å—Å–∫–∏–π?;0
–ü—Ä–∞–∂—Å–∫–∞—è 37 –∫–æ—Ä 1;0
–î–æ–≤–æ–ª—å–Ω–æ –±–æ–ª—å—à–æ–µ –∫–æ–ª–∏—á–µ—Å—Ç–≤–æ –∂–∏–ª—å—Ü–æ–≤ –¥–æ–º–∞ –°–æ—Ñ–∏–π—Å–∫–∞—è 38/2 –ø—Ä–æ—Ç–∏–≤ —Å–æ–∫—Ä–∞—â–µ–Ω–∏—è –ø–∞—Ä–∫–æ–≤–æ—á–Ω—ã—Ö –º–µ—Å—Ç, –∞ –¥–∞–Ω–Ω—ã–π –ø—Ä–æ–µ–∫—Ç —Å–æ–∫—Ä–∞—Ç–∏—Ç –ø–∞—Ä–∫–æ–≤–æ—á–Ω—ã–µ –º–µ—Å—Ç–∞ –≤ –¥–≤–∞ —Ä–∞–∑–∞;1
–ù–∞–¥–æ –≤ –ú–û72 –ø–µ—Ä–µ–µ–∑–∂–∞—Ç—å –∏–∑ –í–æ–ª–∫–æ–≤—Å–∫–æ–≥–æ;0
–ê–≤—Ç–æ–±—É—Å—ã –±—É–¥—É—Ç —Å—Ç–æ—è—Ç—å –≤ –∫–∞—Ä–º–∞–Ω–µ –ø—Ä–æ—Å–ø–µ–∫—Ç–∞ –°–ª–∞–≤—ã? –ë–ª–∏–∂–µ –∫ –Æ–ü –∏–ª–∏ –ë—É—Ö–∞—Ä–µ—Å—Ç—Å–∫–æ–π?;0
–ú–æ –ë–∞–ª–∫–∞–Ω—Å–∫–∏–π –∫ —Å–æ–∂–∞–ª–µ–Ω–∏—é —ç—Ç–∏–º –Ω–µ –∑–∞–Ω–∏–º–∞–µ—Ç—Å—è.;0
